,Rk,Player,Pos,Age,Tm,G,GS,MP,FG,FGA,FG%,3P,3PA,3P%,2P,2PA,2P%,eFG%,FT,FTA,FT%,ORB,DRB,TRB,AST,STL,BLK,TOV,PF,PTS
0,1,Precious Achiuwa,PF,21,MIA,61,4,12.1,2.0,3.7,0.544,0.0,0.0,0.0,2.0,3.7,0.546,0.544,0.9,1.8,0.509,1.2,2.2,3.4,0.5,0.3,0.5,0.7,1.5,5.0
1,2,Jaylen Adams,PG,24,MIL,7,0,2.6,0.1,1.1,0.125,0.0,0.3,0.0,0.1,0.9,0.167,0.125,0.0,0.0,,0.0,0.4,0.4,0.3,0.0,0.0,0.0,0.1,0.3
2,3,Steven Adams,C,27,NOP,58,58,27.7,3.3,5.3,0.614,0.0,0.1,0.0,3.3,5.3,0.62,0.614,1.0,2.3,0.444,3.7,5.2,8.9,1.9,0.9,0.7,1.3,1.9,7.6
3,4,Bam Adebayo,C,23,MIA,64,64,33.5,7.1,12.5,0.57,0.0,0.1,0.25,7.1,12.4,0.573,0.571,4.4,5.5,0.799,2.2,6.7,9.0,5.4,1.2,1.0,2.6,2.3,18.7
4,5,LaMarcus Aldridge,C,35,BRK,26,23,25.9,5.4,11.4,0.473,1.2,3.1,0.388,4.2,8.3,0.505,0.525,1.6,1.8,0.872,0.7,3.8,4.5,1.9,0.4,1.1,1.0,1.8,13.5
5,6,Ty-Shon Alexander,SG,22,PHO,15,0,3.1,0.2,0.8,0.25,0.1,0.6,0.222,0.1,0.2,0.333,0.333,0.1,0.1,0.5,0.1,0.5,0.7,0.4,0.0,0.1,0.2,0.1,0.6
6,7,Nickeil Alexander-Walker,SG,22,NOP,46,13,21.9,4.2,10.0,0.419,1.7,4.8,0.347,2.5,5.2,0.485,0.502,1.0,1.4,0.727,0.3,2.8,3.1,2.2,1.0,0.5,1.5,1.9,11.0
7,8,Grayson Allen,SG,25,MEM,50,38,25.2,3.5,8.3,0.418,2.1,5.5,0.391,1.3,2.8,0.471,0.547,1.6,1.8,0.868,0.4,2.8,3.2,2.2,0.9,0.2,1.0,1.4,10.6
8,9,Jarrett Allen,C,22,CLE,63,45,29.6,4.7,7.7,0.618,0.1,0.3,0.316,4.6,7.3,0.631,0.624,3.2,4.6,0.703,3.1,6.9,10.0,1.7,0.5,1.4,1.6,1.5,12.8
9,10,Al-Farouq Aminu,PF,30,CHI,23,14,18.9,1.7,4.3,0.384,0.3,1.6,0.216,1.3,2.7,0.484,0.424,0.8,1.0,0.818,1.0,3.8,4.8,1.3,0.8,0.4,1.2,1.3,4.4
10,11,Kyle Anderson,PF,27,MEM,69,69,27.3,4.5,9.5,0.468,1.4,3.8,0.36,3.1,5.8,0.539,0.54,2.1,2.7,0.783,0.8,5.0,5.7,3.6,1.2,0.8,1.2,1.7,12.4
11,12,Giannis Antetokounmpo,PF,26,MIL,61,61,33.0,10.3,18.0,0.569,1.1,3.6,0.303,9.2,14.4,0.636,0.6,6.5,9.5,0.685,1.6,9.4,11.0,5.9,1.2,1.2,3.4,2.8,28.1
12,13,Kostas Antetokounmpo,PF,23,LAL,15,0,3.7,0.2,0.7,0.3,0.0,0.0,,0.2,0.7,0.3,0.3,0.4,0.9,0.462,0.3,1.0,1.3,0.1,0.1,0.3,0.7,0.5,0.8
13,14,Thanasis Antetokounmpo,SF,28,MIL,57,3,9.7,1.2,2.4,0.489,0.1,0.5,0.241,1.1,1.9,0.556,0.515,0.4,0.9,0.51,0.9,1.2,2.2,0.8,0.4,0.2,0.8,1.3,2.9
14,15,Carmelo Anthony,PF,36,POR,69,3,24.5,4.7,11.3,0.421,1.9,4.7,0.409,2.8,6.6,0.429,0.506,2.0,2.2,0.89,0.5,2.6,3.1,1.5,0.7,0.6,0.9,2.1,13.4
15,16,Cole Anthony,PG,20,ORL,47,34,27.1,4.7,11.7,0.397,1.2,3.7,0.337,3.4,8.1,0.424,0.449,2.3,2.8,0.832,0.8,3.9,4.7,4.1,0.6,0.4,2.3,2.1,12.9
16,17,OG Anunoby,SF,23,TOR,43,43,33.3,5.8,12.1,0.48,2.4,6.1,0.398,3.4,6.0,0.562,0.58,1.9,2.4,0.784,1.3,4.3,5.5,2.2,1.5,0.7,1.7,2.7,15.9
17,18,Ryan Arcidiacono,PG,26,CHI,44,0,10.2,1.1,2.7,0.419,0.6,1.5,0.373,0.5,1.1,0.48,0.526,0.3,0.5,0.65,0.1,1.4,1.5,1.3,0.2,0.0,0.2,1.1,3.1
18,19,Trevor Ariza,SF,35,MIA,30,27,28.0,3.3,8.0,0.411,1.7,4.8,0.35,1.6,3.3,0.5,0.515,1.1,1.5,0.773,0.9,3.9,4.8,1.8,1.0,0.6,0.7,1.8,9.4
19,20,D.J. Augustin,PG,33,HOU,57,12,19.8,2.4,6.0,0.394,1.5,3.8,0.382,0.9,2.2,0.413,0.515,1.5,1.6,0.904,0.4,1.3,1.6,3.3,0.5,0.0,1.1,1.0,7.7
20,21,Deni Avdija,SF,20,WAS,54,32,23.3,2.4,5.8,0.417,1.0,3.1,0.315,1.4,2.7,0.535,0.502,0.5,0.8,0.644,0.4,4.4,4.9,1.2,0.6,0.3,0.6,2.6,6.3
21,22,Deandre Ayton,C,22,PHO,69,69,30.7,6.2,10.0,0.626,0.1,0.3,0.2,6.2,9.7,0.639,0.629,1.9,2.5,0.769,3.3,7.2,10.5,1.4,0.6,1.2,1.5,2.8,14.4
22,23,Udoka Azubuike,C,21,UTA,15,0,3.8,0.3,0.6,0.444,0.0,0.0,,0.3,0.6,0.444,0.444,0.5,0.7,0.8,0.3,0.6,0.9,0.0,0.1,0.3,0.2,0.6,1.1
23,24,Dwayne Bacon,SG,25,ORL,72,50,25.7,4.1,10.1,0.402,0.8,2.9,0.285,3.2,7.2,0.449,0.443,2.0,2.4,0.824,0.4,2.7,3.1,1.3,0.6,0.1,0.6,1.4,10.9
24,25,Marvin Bagley III,PF,21,SAC,43,42,25.9,5.7,11.4,0.504,0.9,2.5,0.343,4.9,8.9,0.55,0.542,1.8,3.1,0.575,2.5,4.9,7.4,1.0,0.5,0.5,1.4,2.3,14.1
25,26,LaMelo Ball,PG,19,CHO,51,31,28.8,5.7,13.2,0.436,1.8,5.1,0.352,3.9,8.1,0.489,0.504,2.5,3.2,0.758,1.2,4.7,5.9,6.1,1.6,0.4,2.8,2.7,15.7
26,27,Lonzo Ball,PG,23,NOP,55,55,31.8,5.3,12.7,0.414,3.1,8.3,0.378,2.1,4.5,0.482,0.537,0.9,1.2,0.781,0.6,4.2,4.8,5.7,1.5,0.6,2.2,1.9,14.6
27,28,Mo Bamba,C,22,ORL,46,5,15.8,3.1,6.5,0.472,0.8,2.6,0.322,2.3,4.0,0.568,0.535,1.0,1.4,0.682,1.7,4.1,5.8,0.8,0.3,1.3,0.8,1.9,8.0
28,29,Desmond Bane,SG,22,MEM,68,17,22.3,3.4,7.3,0.469,1.7,4.0,0.432,1.7,3.4,0.513,0.586,0.6,0.7,0.816,0.5,2.6,3.1,1.7,0.6,0.2,0.9,1.8,9.2
29,30,Harrison Barnes,PF,28,SAC,58,58,36.2,5.5,11.1,0.497,1.7,4.4,0.391,3.8,6.7,0.567,0.575,3.4,4.1,0.83,1.1,5.5,6.6,3.5,0.7,0.2,1.6,1.3,16.1
30,31,RJ Barrett,SG,20,NYK,72,72,34.9,6.5,14.7,0.441,1.7,4.3,0.401,4.8,10.4,0.457,0.499,2.9,3.8,0.746,0.9,4.8,5.8,3.0,0.7,0.3,1.9,2.6,17.6
31,32,Will Barton,SF,30,DEN,56,52,31.0,4.6,10.9,0.426,1.8,4.6,0.381,2.9,6.3,0.459,0.507,1.7,2.2,0.785,0.7,3.3,4.0,3.2,0.9,0.4,1.7,1.7,12.7
32,33,Keita Bates-Diop,SF,25,SAS,30,0,8.2,1.0,2.2,0.448,0.2,0.6,0.294,0.8,1.7,0.5,0.485,0.5,0.7,0.667,0.3,1.3,1.6,0.4,0.4,0.2,0.2,0.4,2.6
33,34,Nicolas Batum,SF,32,LAC,67,38,27.4,2.9,6.1,0.464,1.6,4.1,0.404,1.2,2.1,0.579,0.597,0.7,0.9,0.828,0.7,4.0,4.7,2.2,1.0,0.6,0.8,1.5,8.1
34,35,Aron Baynes,C,34,TOR,53,31,18.5,2.5,5.7,0.441,0.5,1.9,0.262,2.0,3.8,0.532,0.485,0.5,0.8,0.707,1.6,3.5,5.2,0.9,0.3,0.4,0.9,2.2,6.1
35,36,Kent Bazemore,SF,31,GSW,67,18,19.9,2.6,5.9,0.449,1.1,2.7,0.408,1.5,3.1,0.486,0.545,0.8,1.2,0.692,0.4,3.0,3.4,1.6,1.0,0.5,1.2,2.4,7.2
36,37,Darius Bazley,PF,20,OKC,55,55,31.2,5.0,12.5,0.396,1.5,5.2,0.29,3.5,7.3,0.47,0.456,2.3,3.2,0.702,0.9,6.3,7.2,1.8,0.5,0.5,2.2,1.1,13.7
37,38,Bradley Beal,SG,27,WAS,60,60,35.8,11.2,23.0,0.485,2.2,6.2,0.349,9.0,16.8,0.535,0.532,6.8,7.7,0.889,1.2,3.5,4.7,4.4,1.2,0.4,3.1,2.3,31.3
38,39,Malik Beasley,SG,24,MIN,37,36,32.8,7.1,16.2,0.44,3.5,8.7,0.399,3.7,7.5,0.487,0.547,1.8,2.2,0.85,0.8,3.6,4.4,2.4,0.8,0.2,1.6,1.7,19.6
39,40,Jordan Bell,C,26,GSW,6,1,13.7,1.2,3.7,0.318,0.0,0.3,0.0,1.2,3.3,0.35,0.318,0.2,0.3,0.5,1.2,2.8,4.0,1.2,0.5,0.8,0.7,1.2,2.5
40,41,DeAndre' Bembry,SF,26,TOR,51,12,19.1,2.3,4.5,0.513,0.3,1.0,0.264,2.0,3.4,0.589,0.544,0.9,1.3,0.682,0.6,2.2,2.9,2.1,1.0,0.4,1.4,1.7,5.7
41,42,Dāvis Bertāns,PF,28,WAS,57,7,25.7,3.4,8.4,0.404,3.0,7.5,0.395,0.4,0.9,0.48,0.581,1.8,2.0,0.87,0.3,2.6,2.9,0.9,0.6,0.2,0.6,2.4,11.5
42,43,Patrick Beverley,PG,32,LAC,37,34,22.5,2.5,5.9,0.423,1.5,3.8,0.397,1.0,2.1,0.468,0.55,1.0,1.2,0.8,0.8,2.4,3.2,2.1,0.8,0.8,0.9,2.9,7.5
43,44,Saddiq Bey,SF,21,DET,70,53,27.3,4.0,9.9,0.404,2.5,6.6,0.38,1.5,3.3,0.45,0.53,1.8,2.1,0.844,0.6,3.9,4.5,1.4,0.7,0.2,0.9,1.6,12.2
44,45,Tyler Bey,SF,22,DAL,18,0,3.9,0.4,1.2,0.318,0.1,0.2,0.25,0.3,1.0,0.333,0.341,0.2,0.3,0.6,0.4,0.6,1.1,0.2,0.0,0.1,0.2,0.3,1.0
45,46,Khem Birch,C,28,TOR,67,22,22.8,2.8,5.7,0.497,0.2,0.8,0.25,2.6,4.9,0.537,0.514,1.4,1.9,0.705,2.6,3.2,5.8,1.3,0.7,0.7,0.7,1.7,7.2
46,47,Goga Bitadze,C,21,IND,45,3,12.5,1.8,4.3,0.428,0.4,1.8,0.253,1.4,2.6,0.548,0.479,1.0,1.4,0.738,1.3,2.0,3.3,0.8,0.2,1.3,0.4,2.1,5.1
47,48,Bismack Biyombo,C,28,CHO,66,36,20.4,2.2,3.7,0.587,0.0,0.0,0.0,2.2,3.7,0.589,0.587,0.7,1.6,0.448,2.1,3.2,5.3,1.2,0.3,1.1,1.1,2.1,5.0
48,49,Nemanja Bjelica,PF,32,MIA,37,3,16.1,2.4,5.3,0.454,0.7,2.3,0.318,1.7,3.0,0.559,0.523,1.0,1.4,0.725,0.8,2.6,3.4,1.9,0.4,0.1,0.9,1.8,6.5
49,50,Eric Bledsoe,SG,31,NOP,71,70,29.7,4.3,10.3,0.421,1.7,5.0,0.341,2.6,5.3,0.496,0.503,1.9,2.7,0.687,0.4,3.0,3.4,3.8,0.8,0.3,1.6,1.6,12.2
50,51,Keljin Blevins,SF,25,POR,17,0,4.4,0.3,1.2,0.25,0.1,0.5,0.25,0.2,0.7,0.25,0.3,0.0,0.0,,0.2,0.4,0.6,0.2,0.1,0.0,0.3,0.5,0.7
51,52,Bogdan Bogdanović,SG,28,ATL,44,27,29.7,6.1,12.8,0.473,3.3,7.6,0.438,2.8,5.3,0.522,0.602,0.9,1.0,0.909,0.5,3.2,3.6,3.3,1.1,0.3,1.2,2.3,16.4
52,53,Bojan Bogdanović,SF,31,UTA,72,72,30.8,5.6,12.8,0.439,2.5,6.4,0.39,3.1,6.4,0.487,0.536,3.2,3.7,0.879,0.6,3.3,3.9,1.9,0.6,0.1,1.8,1.6,17.0
53,54,Bol Bol,PF,21,DEN,32,2,5.0,0.8,1.8,0.431,0.3,0.8,0.375,0.5,1.1,0.471,0.509,0.3,0.5,0.667,0.0,0.8,0.8,0.2,0.1,0.3,0.4,0.4,2.2
54,55,Marques Bolden,C,22,CLE,6,0,4.8,0.2,0.5,0.333,0.0,0.0,,0.2,0.5,0.333,0.333,0.8,1.3,0.625,0.5,0.5,1.0,0.0,0.3,0.3,0.3,0.0,1.2
55,56,Jordan Bone,PG,23,ORL,14,0,14.0,1.6,3.9,0.426,0.7,2.3,0.313,0.9,1.6,0.591,0.519,0.0,0.0,,0.3,1.4,1.7,1.3,0.1,0.0,0.2,0.8,4.0
56,57,Isaac Bonga,SF,21,WAS,40,8,10.8,0.8,2.0,0.37,0.3,1.2,0.277,0.4,0.9,0.5,0.451,0.1,0.2,0.625,0.5,1.2,1.7,0.6,0.3,0.2,0.6,1.6,2.0
57,58,Devin Booker,SG,24,PHO,67,67,33.9,9.3,19.2,0.484,1.9,5.5,0.34,7.4,13.7,0.543,0.533,5.1,5.9,0.867,0.5,3.7,4.2,4.3,0.8,0.2,3.1,2.7,25.6
58,59,Chris Boucher,C,28,TOR,60,14,24.2,4.8,9.3,0.514,1.5,3.9,0.383,3.3,5.4,0.609,0.595,2.5,3.2,0.788,2.0,4.8,6.7,1.1,0.6,1.9,0.8,2.8,13.6
59,60,Brian Bowen,SF,22,IND,6,0,2.5,0.2,0.7,0.25,0.0,0.2,0.0,0.2,0.5,0.333,0.25,0.2,0.2,1.0,0.0,0.5,0.5,0.0,0.0,0.0,0.0,0.2,0.5
60,61,Avery Bradley,SG,30,HOU,27,6,22.3,2.4,6.3,0.374,1.2,3.7,0.327,1.1,2.6,0.443,0.471,0.4,0.6,0.8,0.3,1.8,2.1,1.7,0.8,0.1,1.0,2.0,6.4
61,62,Tony Bradley,C,23,OKC,42,8,16.3,3.1,4.7,0.665,0.0,0.1,0.0,3.1,4.6,0.675,0.665,0.9,1.3,0.691,2.0,3.7,5.7,0.9,0.4,0.7,0.8,1.5,7.1
62,63,Jarrell Brantley,PF,24,UTA,28,0,4.9,0.9,1.9,0.481,0.4,1.0,0.429,0.5,0.9,0.542,0.596,0.1,0.1,1.0,0.3,0.6,1.0,0.5,0.3,0.1,0.3,0.6,2.3
63,64,Ignas Brazdeikis,SF,22,ORL,13,0,19.2,2.7,6.4,0.422,0.8,2.2,0.393,1.8,4.2,0.436,0.488,0.8,1.1,0.714,0.8,2.6,3.5,1.3,0.3,0.2,0.9,1.7,7.0
64,65,Mikal Bridges,SF,24,PHO,72,72,32.6,5.0,9.3,0.543,1.9,4.4,0.425,3.2,4.9,0.647,0.643,1.5,1.8,0.84,1.1,3.2,4.3,2.1,1.1,0.9,0.8,1.6,13.5
65,66,Miles Bridges,PF,22,CHO,66,19,29.3,4.7,9.4,0.503,1.8,4.4,0.4,3.0,5.0,0.593,0.596,1.5,1.7,0.867,1.2,4.8,6.0,2.2,0.7,0.8,1.6,2.2,12.7
66,67,Amida Brimah,C,26,IND,5,0,5.8,1.0,1.6,0.625,0.0,0.0,,1.0,1.6,0.625,0.625,0.6,0.6,1.0,0.4,1.2,1.6,0.2,0.0,1.0,0.8,0.8,2.6
67,68,Oshae Brissett,SF,22,IND,21,16,24.7,3.5,7.2,0.483,1.6,3.7,0.423,1.9,3.5,0.548,0.593,2.4,3.1,0.769,1.4,4.1,5.5,0.9,0.9,1.0,0.5,1.5,10.9
68,69,Malcolm Brogdon,PG,28,IND,56,56,34.5,7.9,17.5,0.453,2.6,6.7,0.388,5.3,10.8,0.493,0.527,2.7,3.2,0.864,1.0,4.2,5.3,5.9,0.9,0.3,2.1,2.0,21.2
69,70,Armoni Brooks,SG,22,HOU,20,5,26.0,3.9,9.6,0.406,3.0,7.9,0.382,0.9,1.8,0.514,0.563,0.4,0.6,0.583,0.5,2.9,3.4,1.5,0.6,0.3,1.1,1.7,11.2
70,71,Dillon Brooks,SF,25,MEM,67,67,29.8,6.4,15.4,0.419,1.9,5.6,0.344,4.5,9.8,0.461,0.481,2.4,2.9,0.815,0.8,2.1,2.9,2.3,1.2,0.4,1.8,3.5,17.2
71,72,Bruce Brown,PG,24,BRK,65,37,22.3,3.6,6.5,0.556,0.3,0.9,0.288,3.4,5.6,0.599,0.576,1.3,1.8,0.735,1.7,3.7,5.4,1.6,0.9,0.4,0.8,2.2,8.8
72,73,Charlie Brown,SG,23,OKC,9,1,16.9,1.4,4.8,0.302,0.6,2.3,0.238,0.9,2.4,0.364,0.36,1.0,1.1,0.9,0.3,1.6,1.9,1.0,0.4,0.2,0.7,2.1,4.4
73,74,Jaylen Brown,SG,24,BOS,58,58,34.5,9.3,19.2,0.484,2.8,7.1,0.397,6.5,12.1,0.536,0.558,3.3,4.3,0.764,1.2,4.8,6.0,3.4,1.2,0.6,2.7,2.9,24.7
74,75,Moses Brown,C,21,OKC,43,32,21.4,3.4,6.2,0.545,0.0,0.0,,3.4,6.2,0.545,0.545,1.8,2.9,0.619,3.6,5.3,8.9,0.2,0.7,1.1,1.0,2.2,8.6
75,76,Sterling Brown,SG,25,HOU,51,14,24.1,2.9,6.6,0.448,1.8,4.2,0.423,1.2,2.4,0.492,0.584,0.5,0.6,0.806,0.7,3.6,4.4,1.4,0.7,0.2,0.8,1.9,8.2
76,77,Oshae Brissett,SF,21,CHI,34,0,15.4,1.8,4.2,0.431,0.6,2.1,0.314,1.2,2.2,0.541,0.507,0.4,0.6,0.714,0.6,2.5,3.1,0.9,0.3,0.2,0.6,1.4,4.7
77,78,Jalen Brunson,PG,24,DAL,68,12,25.0,4.8,9.2,0.523,1.2,2.9,0.405,3.6,6.3,0.578,0.588,1.8,2.2,0.795,0.4,3.0,3.4,3.5,0.5,0.0,1.2,1.6,12.6
78,79,Elijah Bryant,SG,25,MIL,1,0,32.0,6.0,13.0,0.462,1.0,5.0,0.2,5.0,8.0,0.625,0.5,3.0,3.0,1.0,2.0,4.0,6.0,3.0,0.0,1.0,4.0,4.0,16.0
79,80,Thomas Bryant,C,23,WAS,10,10,27.1,5.9,9.1,0.648,0.9,2.1,0.429,5.0,7.0,0.714,0.698,1.6,2.4,0.667,1.8,4.3,6.1,1.5,0.4,0.8,1.1,3.1,14.3
80,81,Reggie Bullock,SF,29,NYK,65,64,30.0,3.8,8.6,0.442,2.5,6.1,0.41,1.3,2.5,0.521,0.587,0.8,0.8,0.909,0.2,3.2,3.4,1.5,0.8,0.2,0.7,2.2,10.9
81,82,Trey Burke,PG,28,DAL,62,1,14.7,2.4,5.7,0.428,0.9,2.6,0.354,1.5,3.0,0.492,0.51,0.8,0.9,0.895,0.2,0.7,0.9,1.3,0.6,0.1,0.5,1.0,6.6
82,83,Alec Burks,SG,29,NYK,49,5,25.6,4.3,10.2,0.42,2.1,5.0,0.415,2.2,5.2,0.425,0.522,2.1,2.4,0.856,0.4,4.2,4.6,2.2,0.6,0.3,1.0,2.1,12.7
83,84,Jimmy Butler,SF,31,MIA,52,52,33.6,7.0,14.2,0.497,0.5,2.0,0.245,6.6,12.2,0.538,0.514,6.9,8.0,0.863,1.8,5.1,6.9,7.1,2.1,0.3,2.1,1.4,21.5
84,85,Bruno Caboclo,PF,25,HOU,6,0,6.0,1.3,2.8,0.471,0.0,0.8,0.0,1.3,2.0,0.667,0.471,0.2,0.3,0.5,0.5,1.8,2.3,0.2,0.0,0.3,0.7,1.0,2.8
85,86,Devontae Cacok,PF,24,LAL,20,1,4.9,0.9,1.5,0.586,0.0,0.0,,0.9,1.5,0.586,0.586,0.3,0.6,0.455,0.6,1.0,1.6,0.1,0.3,0.2,0.3,0.4,2.0
86,87,Kentavious Caldwell-Pope,SG,27,LAL,67,67,28.4,3.3,7.6,0.431,1.8,4.4,0.41,1.5,3.2,0.46,0.549,1.4,1.7,0.866,0.4,2.3,2.7,1.9,0.9,0.4,1.0,1.7,9.7
87,88,Facundo Campazzo,PG,29,DEN,65,19,21.9,1.8,4.8,0.381,1.2,3.3,0.352,0.7,1.5,0.444,0.502,1.2,1.4,0.879,0.3,1.7,2.1,3.6,1.2,0.2,1.1,2.0,6.1
88,89,Vlatko Čančar,PF,23,DEN,41,1,6.9,0.8,1.8,0.458,0.2,0.8,0.273,0.6,1.0,0.615,0.521,0.2,0.3,0.769,0.3,1.0,1.2,0.3,0.3,0.0,0.3,0.4,2.1
89,90,Devin Cannady,PG,24,ORL,8,0,9.3,1.4,3.5,0.393,0.8,2.0,0.375,0.6,1.5,0.417,0.5,0.8,0.9,0.857,0.0,0.6,0.6,0.1,0.6,0.1,0.3,1.1,4.3
90,91,Clint Capela,C,26,ATL,63,63,30.1,6.6,11.0,0.594,0.0,0.0,,6.6,11.0,0.594,0.594,2.1,3.6,0.573,4.7,9.6,14.3,0.8,0.7,2.0,1.2,2.3,15.2
91,92,Vernon Carey Jr.,C,19,CHO,19,4,6.1,0.9,1.9,0.5,0.1,0.4,0.143,0.9,1.5,0.586,0.514,0.5,0.6,0.818,0.3,1.1,1.4,0.1,0.1,0.3,0.3,0.7,2.4
92,93,Jevon Carter,PG,25,PHO,60,1,12.0,1.6,3.7,0.422,0.9,2.5,0.371,0.6,1.2,0.528,0.547,0.1,0.1,0.571,0.3,1.3,1.5,1.2,0.5,0.2,0.3,0.9,4.1
93,94,Wendell Carter Jr.,C,21,ORL,54,44,25.5,4.3,8.5,0.503,0.3,0.9,0.294,4.0,7.5,0.53,0.52,2.4,3.3,0.732,2.4,5.8,8.2,1.9,0.6,0.8,1.4,2.7,11.2
94,96,Alex Caruso,PG,26,LAL,58,6,21.0,2.3,5.3,0.436,0.9,2.4,0.401,1.3,2.9,0.464,0.526,0.8,1.3,0.645,0.5,2.4,2.9,2.8,1.1,0.3,1.3,1.9,6.4
95,97,Willie Cauley-Stein,C,27,DAL,53,16,17.1,2.2,3.4,0.632,0.0,0.2,0.091,2.2,3.2,0.667,0.635,0.9,1.5,0.628,1.2,3.2,4.5,0.7,0.4,0.8,0.5,2.4,5.3
96,98,Chris Chiozza,PG,25,BRK,22,1,10.5,1.4,4.0,0.352,0.6,1.9,0.31,0.8,2.1,0.391,0.426,0.6,0.8,0.765,0.1,1.0,1.1,3.0,0.3,0.3,0.7,0.9,4.0
97,99,Marquese Chriss,PF,23,GSW,2,0,13.5,2.5,7.0,0.357,0.5,2.5,0.2,2.0,4.5,0.444,0.393,1.0,2.0,0.5,1.5,5.0,6.5,1.0,0.0,1.0,1.0,1.5,6.5
98,100,Gary Clark,PF,26,PHI,39,11,16.8,1.0,3.4,0.303,0.8,2.8,0.287,0.2,0.6,0.375,0.42,0.2,0.3,0.8,0.8,2.1,2.9,0.8,0.3,0.2,0.4,0.9,3.1
99,101,Brandon Clarke,PF,24,MEM,59,16,24.0,4.3,8.4,0.517,0.3,1.3,0.26,4.0,7.1,0.565,0.537,1.3,1.9,0.69,1.6,3.9,5.6,1.6,1.0,0.9,0.6,1.4,10.3
100,102,Jordan Clarkson,SG,28,UTA,68,1,26.7,6.7,15.8,0.425,3.1,8.8,0.347,3.7,7.0,0.523,0.522,1.9,2.1,0.896,0.7,3.3,4.0,2.5,0.9,0.1,1.7,1.6,18.4
101,103,Nicolas Claxton,C,21,BRK,32,1,18.6,2.8,4.5,0.621,0.0,0.2,0.2,2.8,4.4,0.636,0.624,1.0,2.0,0.484,1.3,3.8,5.2,0.9,0.7,1.3,0.6,2.1,6.6
102,104,Amir Coffey,SG,23,LAC,44,1,9.0,1.0,2.3,0.437,0.5,1.3,0.411,0.5,1.1,0.468,0.549,0.6,0.9,0.711,0.2,0.8,1.0,0.5,0.2,0.0,0.3,0.7,3.2
103,105,John Collins,PF,23,ATL,63,63,29.3,6.8,12.2,0.556,1.3,3.3,0.399,5.5,8.9,0.615,0.61,2.7,3.2,0.833,1.9,5.5,7.4,1.2,0.5,1.0,1.3,3.1,17.6
104,106,Mike Conley,PG,33,UTA,51,51,29.4,5.6,12.5,0.444,2.7,6.6,0.412,2.9,6.0,0.479,0.552,2.4,2.8,0.852,0.7,2.8,3.5,6.0,1.4,0.2,1.9,1.9,16.2
105,107,Pat Connaughton,SG,28,MIL,69,4,22.8,2.4,5.6,0.434,1.5,3.9,0.371,1.0,1.7,0.583,0.565,0.4,0.6,0.775,0.9,3.9,4.8,1.2,0.7,0.3,0.5,1.4,6.8
106,108,Quinn Cook,PG,27,CLE,23,0,6.8,1.3,3.0,0.426,0.5,1.1,0.423,0.8,1.8,0.429,0.507,0.3,0.3,0.875,0.1,0.7,0.7,0.8,0.2,0.0,0.3,0.4,3.3
107,109,Tyler Cook,PF,23,DET,32,1,13.7,2.2,3.2,0.67,0.0,0.1,0.5,2.1,3.2,0.673,0.675,0.5,1.1,0.486,0.9,2.1,3.0,0.5,0.3,0.1,0.7,1.1,4.9
108,110,DeMarcus Cousins,C,30,LAC,41,11,17.4,3.2,7.4,0.426,1.1,3.3,0.348,2.0,4.1,0.488,0.503,1.4,2.0,0.728,1.3,5.1,6.4,1.9,0.8,0.6,1.6,2.6,8.9
109,111,Robert Covington,PF,30,POR,70,70,32.0,2.9,7.3,0.401,1.9,5.1,0.379,1.0,2.2,0.451,0.533,0.7,0.9,0.806,0.9,5.8,6.7,1.7,1.4,1.2,0.9,2.8,8.5
110,112,Torrey Craig,SF,30,PHO,50,8,16.1,2.2,4.5,0.48,0.8,2.1,0.368,1.4,2.4,0.579,0.566,0.3,0.4,0.773,1.1,2.8,3.9,1.0,0.6,0.5,0.5,1.7,5.5
111,113,Jae Crowder,PF,30,PHO,60,42,27.5,3.3,8.2,0.404,2.5,6.3,0.389,0.9,1.9,0.455,0.555,1.0,1.3,0.76,0.5,4.2,4.7,2.1,0.8,0.5,0.9,2.1,10.1
112,114,Jarrett Culver,SG,21,MIN,34,7,14.7,2.0,4.9,0.411,0.4,1.6,0.245,1.6,3.4,0.487,0.449,0.9,1.4,0.604,1.0,2.1,3.1,0.7,0.5,0.3,0.8,1.7,5.3
113,115,Seth Curry,SG,30,PHI,57,57,28.7,4.5,9.7,0.467,2.2,4.9,0.45,2.3,4.8,0.485,0.582,1.2,1.4,0.896,0.2,2.2,2.4,2.7,0.8,0.1,1.1,1.7,12.5
114,116,Stephen Curry,PG,32,GSW,63,63,34.2,10.4,21.7,0.482,5.3,12.7,0.421,5.1,9.0,0.569,0.605,5.7,6.3,0.916,0.5,5.0,5.5,5.8,1.2,0.1,3.4,1.9,32.0
115,117,Nate Darling,SG,22,CHO,7,0,3.7,0.3,1.0,0.286,0.3,1.0,0.286,0.0,0.0,,0.429,0.4,0.4,1.0,0.1,0.0,0.1,0.1,0.0,0.1,0.1,0.1,1.3
116,118,Anthony Davis,PF,27,LAL,36,36,32.3,8.4,17.0,0.491,0.7,2.8,0.26,7.6,14.3,0.536,0.512,4.4,5.9,0.738,1.7,6.2,7.9,3.1,1.3,1.6,2.1,1.7,21.8
117,119,Ed Davis,C,31,MIN,23,7,13.0,0.8,1.9,0.432,0.0,0.0,,0.8,1.9,0.432,0.432,0.4,0.5,0.833,2.0,3.0,5.0,0.9,0.6,0.6,0.3,2.4,2.1
118,120,Terence Davis,SG,23,SAC,61,4,17.6,3.2,7.5,0.428,1.6,4.4,0.367,1.6,3.1,0.513,0.535,0.7,0.9,0.818,0.3,2.2,2.5,1.4,0.7,0.2,1.0,1.6,8.7
119,121,Gabriel Deck,PF,25,OKC,10,0,21.2,3.2,6.7,0.478,0.2,1.5,0.133,3.0,5.2,0.577,0.493,1.8,2.2,0.818,1.6,2.4,4.0,2.4,0.8,0.0,0.6,0.9,8.4
120,122,Dewayne Dedmon,C,31,MIA,16,0,13.1,2.9,4.1,0.708,0.1,0.3,0.2,2.8,3.8,0.75,0.715,1.3,1.7,0.741,1.8,3.6,5.4,0.8,0.6,0.4,0.8,2.3,7.1
121,123,Matthew Dellavedova,PG,30,CLE,13,1,17.2,1.1,4.3,0.25,0.3,1.9,0.16,0.8,2.4,0.323,0.286,0.3,0.3,1.0,0.5,1.4,1.8,4.5,0.3,0.1,0.5,1.6,2.8
122,124,DeMar DeRozan,PF,31,SAS,61,61,33.7,7.5,15.1,0.495,0.3,1.2,0.257,7.1,13.9,0.515,0.505,6.3,7.2,0.88,0.7,3.6,4.2,6.9,0.9,0.2,2.0,2.1,21.6
123,125,Mamadi Diakite,PF,24,MIL,14,1,10.1,1.1,2.9,0.4,0.1,0.6,0.125,1.1,2.3,0.469,0.413,0.8,1.0,0.786,0.6,1.9,2.4,0.6,0.5,0.4,0.2,1.1,3.1
124,126,Hamidou Diallo,SF,22,DET,52,9,23.6,4.3,9.0,0.477,0.5,1.6,0.341,3.8,7.5,0.505,0.506,2.5,3.8,0.64,1.1,4.1,5.2,1.9,0.8,0.5,1.5,2.6,11.6
125,127,Gorgui Dieng,C,31,SAS,38,1,14.5,2.2,4.3,0.521,0.8,1.8,0.429,1.4,2.4,0.591,0.613,1.5,1.8,0.866,1.1,2.6,3.7,1.3,0.7,0.4,0.8,1.5,6.8
126,128,Spencer Dinwiddie,SG,27,BRK,3,3,21.3,2.0,5.3,0.375,0.7,2.3,0.286,1.3,3.0,0.444,0.438,2.0,2.0,1.0,0.0,4.3,4.3,3.0,0.7,0.3,1.7,1.3,6.7
127,129,Donte DiVincenzo,SG,24,MIL,66,66,27.5,3.8,9.1,0.42,2.0,5.2,0.379,1.8,3.9,0.475,0.528,0.8,1.1,0.718,1.2,4.5,5.8,3.1,1.1,0.2,1.4,1.7,10.4
128,130,Luka Dončić,PG,21,DAL,66,66,34.3,9.8,20.5,0.479,2.9,8.3,0.35,6.9,12.2,0.567,0.55,5.2,7.1,0.73,0.8,7.2,8.0,8.6,1.0,0.5,4.3,2.3,27.7
129,131,Luguentz Dort,SG,21,OKC,52,52,29.7,4.8,12.3,0.387,2.2,6.3,0.343,2.6,6.0,0.432,0.475,2.3,3.2,0.744,0.7,2.9,3.6,1.7,0.9,0.4,1.5,2.6,14.0
130,132,Damyean Dotson,SG,26,CLE,46,7,19.7,2.6,6.4,0.406,1.0,3.5,0.289,1.6,2.9,0.545,0.485,0.5,0.8,0.667,0.1,1.9,2.0,2.0,0.3,0.1,0.9,0.9,6.7
131,133,Devon Dotson,PG,21,CHI,11,0,4.5,1.0,1.9,0.524,0.1,0.6,0.143,0.9,1.3,0.714,0.548,0.0,0.0,,0.2,0.3,0.5,0.6,0.4,0.0,0.0,0.3,2.1
132,134,Sekou Doumbouya,PF,20,DET,56,11,15.5,1.9,5.0,0.379,0.5,2.1,0.226,1.4,3.0,0.485,0.426,0.8,1.1,0.703,0.7,1.9,2.6,0.8,0.4,0.2,0.8,1.7,5.1
133,135,PJ Dozier,SG,24,DEN,50,6,21.8,3.0,7.1,0.417,0.9,3.0,0.315,2.0,4.1,0.49,0.483,0.8,1.3,0.636,0.7,2.9,3.6,1.8,0.6,0.4,0.9,1.7,7.7
134,136,Goran Dragić,PG,34,MIA,50,11,26.7,4.8,11.1,0.432,1.8,4.9,0.373,3.0,6.2,0.479,0.514,2.0,2.4,0.828,0.5,2.9,3.4,4.4,0.7,0.2,2.4,2.3,13.4
135,137,Andre Drummond,C,27,LAL,46,46,27.0,6.1,12.4,0.493,0.0,0.2,0.0,6.1,12.3,0.5,0.493,2.7,4.5,0.6,3.6,8.4,12.0,2.0,1.4,1.1,2.7,3.2,14.9
136,138,Jared Dudley,PF,35,LAL,12,0,6.8,0.2,0.8,0.222,0.2,0.5,0.333,0.0,0.3,0.0,0.333,0.0,0.0,,0.3,1.4,1.8,0.4,0.1,0.1,0.2,0.6,0.5
137,139,Kris Dunn,PG,26,ATL,4,0,11.3,0.3,3.0,0.083,0.0,0.5,0.0,0.3,2.5,0.1,0.083,0.8,1.0,0.75,0.0,1.5,1.5,0.5,0.5,0.5,0.8,2.5,1.3
138,140,Kevin Durant,PF,32,BRK,35,32,33.1,9.3,17.2,0.537,2.4,5.4,0.45,6.8,11.8,0.577,0.608,6.0,6.8,0.882,0.4,6.7,7.1,5.6,0.7,1.3,3.4,2.0,26.9
139,141,Anthony Edwards,SG,19,MIN,72,55,32.1,7.0,16.8,0.417,2.4,7.2,0.329,4.6,9.6,0.483,0.488,2.9,3.8,0.776,0.8,3.8,4.7,2.9,1.1,0.5,2.2,1.8,19.3
140,142,Carsen Edwards,SG,22,BOS,31,1,8.9,1.5,3.6,0.423,0.6,2.0,0.286,0.9,1.5,0.604,0.505,0.4,0.4,0.846,0.1,0.7,0.8,0.5,0.2,0.0,0.2,0.8,4.0
141,143,CJ Elleby,SF,20,POR,30,0,6.4,0.8,2.2,0.379,0.2,1.1,0.206,0.6,1.1,0.563,0.432,0.4,0.5,0.733,0.4,0.7,1.1,0.3,0.2,0.1,0.2,0.9,2.3
142,144,Henry Ellenson,PF,24,TOR,2,0,19.0,2.5,7.0,0.357,1.0,4.5,0.222,1.5,2.5,0.6,0.429,1.5,2.0,0.75,1.5,4.5,6.0,2.5,0.0,0.0,0.0,3.5,7.5
143,145,Wayne Ellington,SG,33,DET,46,31,22.0,3.2,7.3,0.441,2.5,6.0,0.422,0.7,1.4,0.524,0.612,0.6,0.8,0.8,0.3,1.6,1.8,1.5,0.4,0.2,0.7,1.3,9.6
144,146,Joel Embiid,C,26,PHI,51,51,31.1,9.0,17.6,0.513,1.1,3.0,0.377,7.9,14.6,0.541,0.545,9.2,10.7,0.859,2.2,8.4,10.6,2.8,1.0,1.4,3.1,2.4,28.5
145,147,James Ennis,SF,30,ORL,41,37,24.0,2.8,5.9,0.473,1.1,2.5,0.433,1.7,3.4,0.504,0.566,1.7,2.1,0.805,1.0,3.0,4.0,1.5,0.8,0.2,0.9,2.0,8.4
146,148,Drew Eubanks,C,23,SAS,54,3,14.0,2.1,3.8,0.566,0.0,0.0,1.0,2.1,3.8,0.562,0.571,1.4,2.0,0.726,1.4,3.1,4.5,0.8,0.3,0.9,0.8,1.6,5.8
147,149,Dante Exum,SG,25,CLE,6,3,19.3,1.7,4.3,0.385,0.3,1.8,0.182,1.3,2.5,0.533,0.423,0.2,0.3,0.5,0.3,2.5,2.8,2.2,0.7,0.3,1.2,1.5,3.8
148,150,Tacko Fall,C,25,BOS,19,0,7.2,1.1,1.5,0.724,0.0,0.0,,1.1,1.5,0.724,0.724,0.3,0.8,0.333,0.8,1.9,2.7,0.2,0.1,1.1,0.3,1.2,2.5
149,151,Derrick Favors,C,29,UTA,68,0,15.3,2.3,3.6,0.638,0.0,0.0,0.0,2.3,3.5,0.643,0.638,0.9,1.2,0.738,2.0,3.5,5.5,0.6,0.5,1.0,0.5,2.1,5.4
150,152,Cristiano Felício,C,28,CHI,18,0,4.7,0.4,0.7,0.538,0.0,0.1,0.0,0.4,0.6,0.636,0.538,0.5,0.9,0.563,0.6,0.9,1.4,0.5,0.2,0.0,0.2,0.6,1.3
151,153,Terrance Ferguson,SG,22,PHI,13,0,3.8,0.1,0.5,0.143,0.0,0.4,0.0,0.1,0.2,0.5,0.143,0.0,0.0,,0.0,0.1,0.1,0.2,0.1,0.0,0.3,0.5,0.2
152,154,Bruno Fernando,C,22,ATL,33,0,6.8,0.5,1.3,0.409,0.0,0.1,0.0,0.5,1.3,0.429,0.409,0.5,0.7,0.682,0.5,1.9,2.4,0.3,0.1,0.1,0.6,0.7,1.5
153,155,Yogi Ferrell,PG,27,LAC,10,0,13.6,2.0,5.7,0.351,0.9,2.8,0.321,1.1,2.9,0.379,0.43,0.7,0.9,0.778,0.5,1.4,1.9,2.2,0.7,0.3,0.3,1.1,5.6
154,156,Dorian Finney-Smith,PF,27,DAL,60,60,32.0,3.7,7.8,0.472,2.0,5.0,0.394,1.7,2.7,0.616,0.6,0.5,0.7,0.756,1.6,3.8,5.4,1.7,0.9,0.4,0.8,2.3,9.8
155,157,Malik Fitts,PF,23,LAC,3,0,3.7,0.3,1.0,0.333,0.3,0.7,0.5,0.0,0.3,0.0,0.5,0.0,0.0,,0.0,1.0,1.0,0.0,0.0,0.0,0.0,1.0,1.0
156,158,Malachi Flynn,PG,22,TOR,47,14,19.7,2.7,7.2,0.374,1.1,3.6,0.321,1.6,3.7,0.424,0.453,1.0,1.2,0.804,0.2,2.3,2.5,2.9,0.8,0.1,0.9,1.4,7.5
157,159,Bryn Forbes,SG,27,MIL,70,10,19.3,3.6,7.6,0.473,2.2,4.9,0.452,1.4,2.7,0.511,0.618,0.7,0.9,0.77,0.2,1.4,1.6,0.6,0.3,0.0,0.6,1.1,10.0
158,160,Trent Forrest,PG,22,UTA,30,0,10.1,1.1,2.4,0.451,0.2,0.9,0.192,0.9,1.5,0.6,0.486,0.6,0.6,1.0,0.4,1.1,1.5,1.5,0.3,0.1,0.7,0.7,2.9
159,161,Evan Fournier,SG,28,BOS,42,36,30.0,5.9,12.9,0.457,2.8,6.7,0.413,3.1,6.1,0.504,0.565,2.6,3.3,0.788,0.2,2.8,3.0,3.4,1.1,0.5,1.7,2.3,17.1
160,162,De'Aaron Fox,PG,23,SAC,58,58,35.1,9.1,19.1,0.477,1.8,5.5,0.322,7.3,13.6,0.539,0.523,5.2,7.2,0.719,0.6,2.9,3.5,7.2,1.5,0.5,3.0,2.9,25.2
161,163,Robert Franks,PF,24,ORL,7,0,14.4,1.9,4.0,0.464,0.7,2.1,0.333,1.1,1.9,0.615,0.554,1.7,1.9,0.923,0.9,1.1,2.0,0.7,0.4,0.4,0.3,1.1,6.1
162,164,Tim Frazier,PG,30,MEM,5,0,12.4,0.6,4.0,0.15,0.0,1.6,0.0,0.6,2.4,0.25,0.15,0.4,1.2,0.333,0.0,1.6,1.6,3.2,0.4,0.2,0.8,1.4,1.6
163,165,Markelle Fultz,PG,22,ORL,8,8,26.9,5.1,13.0,0.394,0.5,2.0,0.25,4.6,11.0,0.42,0.413,2.1,2.4,0.895,0.6,2.5,3.1,5.4,1.0,0.3,2.3,2.3,12.9
164,166,Wenyen Gabriel,PF,23,NOP,21,0,11.5,1.1,2.9,0.4,0.6,1.5,0.406,0.5,1.3,0.393,0.508,0.5,0.8,0.647,1.0,1.6,2.6,0.5,0.4,0.4,0.7,1.5,3.4
165,167,Daniel Gafford,C,22,WAS,54,11,14.6,2.9,4.2,0.684,0.0,0.0,,2.9,4.2,0.684,0.684,1.3,2.0,0.667,1.7,2.5,4.3,0.5,0.5,1.4,0.8,1.8,7.0
166,168,Danilo Gallinari,PF,32,ATL,51,4,24.0,4.0,9.3,0.434,2.0,5.0,0.406,2.0,4.3,0.466,0.542,3.2,3.4,0.925,0.3,3.8,4.1,1.5,0.6,0.2,0.8,2.1,13.3
167,169,Langston Galloway,SG,29,PHO,40,0,11.0,1.7,3.7,0.449,0.9,2.1,0.424,0.8,1.6,0.484,0.571,0.6,0.6,0.957,0.2,0.9,1.1,0.7,0.2,0.0,0.3,0.6,4.8
168,170,Darius Garland,PG,21,CLE,54,50,33.1,6.7,14.9,0.451,1.9,4.9,0.395,4.8,9.9,0.479,0.517,2.1,2.4,0.848,0.4,2.0,2.4,6.1,1.2,0.1,3.0,2.0,17.4
169,171,Marc Gasol,C,36,LAL,52,42,19.1,1.7,3.7,0.454,1.0,2.3,0.41,0.7,1.4,0.528,0.582,0.7,1.0,0.72,0.7,3.4,4.1,2.1,0.5,1.1,1.0,2.2,5.0
170,172,Rudy Gay,PF,34,SAS,63,1,21.6,4.2,10.0,0.42,1.7,4.4,0.381,2.5,5.6,0.451,0.505,1.3,1.6,0.804,0.7,4.1,4.8,1.4,0.7,0.6,1.0,1.8,11.4
171,173,Paul George,SF,30,LAC,54,54,33.7,8.2,17.6,0.467,3.2,7.7,0.411,5.1,9.9,0.51,0.557,3.7,4.2,0.868,0.8,5.8,6.6,5.2,1.1,0.4,3.3,2.4,23.3
172,174,Taj Gibson,PF,35,NYK,45,3,20.8,2.2,3.5,0.627,0.1,0.3,0.2,2.1,3.2,0.671,0.636,0.9,1.2,0.727,2.2,3.4,5.6,0.8,0.7,1.1,0.5,2.2,5.4
173,175,Harry Giles,C,22,POR,38,0,9.2,1.1,2.6,0.433,0.2,0.6,0.348,0.9,1.9,0.459,0.474,0.4,0.7,0.593,0.8,2.7,3.5,0.8,0.2,0.3,0.5,1.4,2.8
174,176,Shai Gilgeous-Alexander,SG,22,OKC,35,35,33.7,8.2,16.1,0.508,2.0,4.9,0.418,6.2,11.3,0.547,0.571,5.3,6.5,0.808,0.5,4.2,4.7,5.9,0.8,0.7,3.0,2.0,23.7
175,177,Anthony Gill,PF,28,WAS,26,4,8.4,1.2,2.3,0.5,0.3,0.9,0.292,0.9,1.4,0.639,0.558,0.5,0.6,0.813,0.6,1.3,2.0,0.4,0.4,0.2,0.3,1.0,3.1
176,178,Freddie Gillespie,PF,23,TOR,20,2,19.6,2.2,4.2,0.524,0.0,0.0,,2.2,4.2,0.524,0.524,1.2,1.7,0.697,2.1,2.8,4.9,0.5,0.7,1.0,0.6,2.2,5.6
177,179,Rudy Gobert,C,28,UTA,71,71,30.8,5.5,8.2,0.675,0.0,0.1,0.0,5.5,8.1,0.68,0.675,3.3,5.3,0.623,3.4,10.1,13.5,1.3,0.6,2.7,1.7,2.3,14.3
178,180,Brandon Goodwin,PG,25,ATL,47,5,13.2,1.8,4.7,0.377,0.7,2.2,0.311,1.1,2.6,0.433,0.448,0.6,0.9,0.651,0.2,1.3,1.5,2.0,0.4,0.0,0.8,0.9,4.9
179,181,Aaron Gordon,PF,25,DEN,50,50,27.7,4.6,10.0,0.463,1.2,3.5,0.335,3.4,6.5,0.533,0.522,1.9,3.0,0.651,1.5,4.1,5.7,3.2,0.7,0.7,1.9,1.8,12.4
180,182,Eric Gordon,SG,32,HOU,27,13,29.2,5.9,13.6,0.433,2.6,7.8,0.329,3.3,5.8,0.573,0.527,3.5,4.2,0.825,0.3,1.9,2.1,2.6,0.5,0.5,1.9,1.6,17.8
181,183,Devonte' Graham,PG,25,CHO,55,44,30.2,4.6,12.2,0.377,3.3,8.7,0.375,1.3,3.5,0.38,0.51,2.4,2.9,0.842,0.4,2.3,2.7,5.4,0.9,0.1,1.5,1.4,14.8
182,184,Jerami Grant,SF,26,DET,54,54,33.9,7.4,17.3,0.429,2.1,6.1,0.35,5.3,11.2,0.473,0.491,5.4,6.4,0.845,0.6,4.0,4.6,2.8,0.6,1.1,2.0,2.3,22.3
183,185,Danny Green,SF,33,PHI,69,69,28.0,3.2,7.9,0.412,2.5,6.3,0.405,0.7,1.6,0.438,0.573,0.4,0.6,0.775,0.8,3.0,3.8,1.7,1.3,0.8,1.0,1.8,9.5
184,186,Draymond Green,PF,30,GSW,63,63,31.5,2.7,6.0,0.447,0.5,2.0,0.27,2.2,4.0,0.535,0.492,1.1,1.4,0.795,0.9,6.3,7.1,8.9,1.7,0.8,3.0,3.1,7.0
185,187,JaMychal Green,PF,30,DEN,58,5,19.3,3.0,6.4,0.463,1.4,3.4,0.399,1.6,3.0,0.534,0.568,0.8,1.0,0.807,1.5,3.3,4.8,0.9,0.4,0.4,0.9,2.5,8.1
186,188,Javonte Green,PG,27,CHI,41,2,11.5,1.3,2.5,0.52,0.2,0.7,0.333,1.0,1.8,0.597,0.569,0.7,1.0,0.75,0.6,1.1,1.7,0.4,0.7,0.1,0.5,1.1,3.6
187,189,Jeff Green,C,34,BRK,68,38,27.0,3.8,7.8,0.492,1.5,3.7,0.412,2.3,4.1,0.564,0.59,1.8,2.4,0.776,0.5,3.4,3.9,1.6,0.5,0.4,0.8,1.8,11.0
188,190,Josh Green,SG,20,DAL,39,5,11.4,1.1,2.4,0.452,0.1,0.6,0.16,1.0,1.7,0.559,0.473,0.3,0.6,0.565,0.7,1.3,2.0,0.7,0.4,0.1,0.4,0.9,2.6
189,191,Blake Griffin,PF,31,BRK,46,30,25.8,3.8,8.9,0.423,1.5,4.5,0.341,2.3,4.5,0.505,0.509,1.9,2.5,0.744,0.8,4.1,4.9,3.0,0.7,0.3,1.3,2.4,11.0
190,192,Kyle Guy,PG,23,SAC,31,0,7.6,0.9,2.8,0.33,0.4,1.5,0.283,0.5,1.4,0.381,0.403,0.5,0.6,0.8,0.2,1.0,1.1,1.0,0.2,0.0,0.4,0.6,2.8
191,193,Rui Hachimura,PF,22,WAS,57,57,31.5,5.4,11.4,0.478,0.8,2.4,0.328,4.6,9.0,0.519,0.513,2.2,2.8,0.77,0.9,4.6,5.5,1.4,0.8,0.1,1.2,2.1,13.8
192,194,Ashton Hagans,PG,21,MIN,2,0,2.0,0.0,0.0,,0.0,0.0,,0.0,0.0,,,0.0,0.0,,0.0,0.0,0.0,0.0,0.0,0.0,0.5,0.0,0.0
193,195,Tyrese Haliburton,PG,20,SAC,58,20,30.1,5.0,10.7,0.472,2.1,5.1,0.409,2.9,5.6,0.529,0.569,0.8,1.0,0.857,0.7,2.3,3.0,5.3,1.3,0.5,1.6,1.4,13.0
194,196,Donta Hall,PF,23,ORL,13,0,13.8,1.9,2.7,0.714,0.0,0.0,,1.9,2.7,0.714,0.714,1.8,2.6,0.676,1.8,2.9,4.8,0.8,0.4,0.8,0.6,1.4,5.6
195,197,Josh Hall,SF,20,OKC,21,1,16.0,1.4,4.7,0.303,0.2,1.8,0.108,1.2,3.0,0.419,0.323,1.0,2.1,0.5,0.3,2.5,2.8,1.3,0.2,0.0,1.2,1.8,4.1
196,198,R.J. Hampton,PG,19,ORL,51,1,17.4,2.7,6.1,0.435,0.5,1.7,0.31,2.1,4.4,0.482,0.478,1.1,1.6,0.671,0.6,2.9,3.5,1.7,0.4,0.2,1.0,1.2,6.9
197,199,Tim Hardaway Jr.,SG,28,DAL,70,31,28.4,5.8,13.0,0.447,3.0,7.6,0.391,2.9,5.5,0.524,0.56,2.0,2.5,0.816,0.3,3.0,3.3,1.8,0.4,0.2,0.9,1.6,16.6
198,200,James Harden,SG,31,BRK,44,43,36.6,7.8,16.7,0.466,2.8,7.6,0.362,5.0,9.1,0.553,0.548,6.3,7.3,0.861,0.8,7.1,7.9,10.8,1.2,0.8,4.0,2.3,24.6
199,201,Maurice Harkless,SF,27,SAC,37,23,20.9,1.9,4.5,0.418,0.6,2.3,0.274,1.2,2.2,0.568,0.488,0.9,1.2,0.767,0.4,2.1,2.4,1.2,0.8,0.5,0.6,2.3,5.2
200,202,Jared Harper,PG,23,NYK,8,0,2.0,0.0,0.5,0.0,0.0,0.1,0.0,0.0,0.4,0.0,0.0,0.4,0.5,0.75,0.0,0.3,0.3,0.1,0.0,0.0,0.4,0.1,0.4
201,203,Montrezl Harrell,C,27,LAL,69,1,22.9,5.4,8.7,0.622,0.0,0.1,0.0,5.4,8.6,0.632,0.622,2.6,3.7,0.707,2.3,3.9,6.2,1.1,0.7,0.7,1.1,1.9,13.5
202,204,Gary Harris,SG,26,ORL,39,38,27.7,3.5,8.8,0.4,1.2,3.6,0.34,2.3,5.2,0.441,0.47,1.6,2.0,0.821,0.5,1.5,2.0,2.0,0.7,0.3,0.9,1.8,9.9
203,205,Jalen Harris,SG,22,TOR,13,2,13.2,2.8,5.5,0.5,1.3,2.8,0.472,1.5,2.8,0.528,0.618,0.5,0.7,0.778,0.2,1.2,1.4,1.3,0.6,0.0,1.1,1.2,7.4
204,206,Joe Harris,SF,29,BRK,69,65,31.0,5.2,10.2,0.505,3.1,6.4,0.475,2.1,3.8,0.555,0.654,0.7,0.9,0.778,0.6,3.0,3.6,1.9,0.7,0.2,0.9,2.0,14.1
205,207,Tobias Harris,PF,28,PHI,62,62,32.5,7.6,14.9,0.512,1.3,3.4,0.394,6.3,11.5,0.546,0.556,2.9,3.3,0.892,1.0,5.8,6.8,3.5,0.9,0.8,1.7,1.9,19.5
206,208,Shaquille Harrison,SG,27,DEN,34,0,9.8,0.8,2.3,0.333,0.1,0.5,0.188,0.7,1.8,0.371,0.353,0.5,0.6,0.818,0.2,1.2,1.4,0.7,0.5,0.1,0.3,1.0,2.1
207,209,Josh Hart,SF,25,NOP,47,4,28.7,3.2,7.3,0.439,1.3,4.1,0.326,1.9,3.2,0.583,0.531,1.5,1.9,0.775,1.1,6.9,8.0,2.3,0.8,0.3,1.0,2.4,9.2
208,210,Isaiah Hartenstein,C,22,CLE,46,2,12.2,2.0,3.7,0.55,0.0,0.1,0.333,2.0,3.6,0.558,0.556,1.0,1.5,0.648,1.4,2.5,3.9,1.2,0.4,0.8,1.0,2.3,5.1
209,211,Udonis Haslem,C,40,MIA,1,0,3.0,2.0,2.0,1.0,0.0,0.0,,2.0,2.0,1.0,1.0,0.0,0.0,,0.0,1.0,1.0,0.0,0.0,0.0,0.0,0.0,4.0
210,212,Jaxson Hayes,C,20,NOP,60,3,16.1,2.9,4.7,0.625,0.1,0.2,0.429,2.8,4.4,0.635,0.636,1.6,2.0,0.775,1.5,2.8,4.3,0.6,0.4,0.6,0.7,1.7,7.5
211,213,Killian Hayes,PG,19,DET,26,18,25.8,2.7,7.7,0.353,0.8,2.8,0.278,2.0,5.0,0.395,0.403,0.5,0.7,0.824,0.2,2.4,2.7,5.3,1.0,0.4,3.2,2.2,6.8
212,214,Gordon Hayward,SF,30,CHO,44,44,34.0,7.1,15.0,0.473,1.9,4.7,0.415,5.1,10.3,0.499,0.537,3.5,4.2,0.843,0.8,5.0,5.9,4.1,1.2,0.3,2.1,1.7,19.6
213,215,Juan Hernangómez,PF,25,MIN,52,6,17.3,2.5,5.8,0.435,1.1,3.2,0.327,1.4,2.5,0.573,0.527,1.2,1.9,0.619,0.9,3.1,3.9,0.7,0.4,0.1,0.5,1.0,7.2
214,216,Willy Hernangómez,C,26,NOP,47,12,18.0,3.2,5.7,0.563,0.0,0.2,0.1,3.2,5.5,0.581,0.565,1.3,2.0,0.667,2.5,4.6,7.1,1.1,0.5,0.5,0.7,1.4,7.8
215,217,Tyler Herro,SG,21,MIA,54,15,30.3,5.7,12.9,0.439,2.0,5.5,0.36,3.7,7.4,0.498,0.516,1.7,2.2,0.803,0.5,4.5,5.0,3.4,0.6,0.3,1.9,1.3,15.1
216,218,Buddy Hield,SG,28,SAC,71,71,34.3,5.7,14.0,0.406,4.0,10.2,0.391,1.7,3.8,0.446,0.548,1.2,1.5,0.846,0.4,4.3,4.7,3.6,0.9,0.4,1.8,2.5,16.6
217,219,George Hill,PG,34,PHI,30,17,22.4,3.2,6.6,0.482,1.0,2.7,0.388,2.1,3.9,0.547,0.561,1.3,1.7,0.8,0.5,1.5,2.0,2.4,0.8,0.2,1.0,1.0,8.7
218,220,Solomon Hill,PF,29,ATL,71,16,21.3,1.5,4.2,0.359,1.0,3.0,0.321,0.5,1.2,0.453,0.473,0.5,0.6,0.761,0.6,2.4,3.0,1.1,0.7,0.2,0.6,1.6,4.5
219,221,Nate Hinton,SG,21,DAL,21,0,4.4,0.7,2.0,0.357,0.2,0.9,0.211,0.5,1.1,0.478,0.405,0.3,0.5,0.7,0.0,0.4,0.4,0.4,0.3,0.1,0.2,0.4,2.0
220,222,Jaylen Hoard,SF,21,OKC,19,0,16.8,2.3,4.6,0.5,0.0,0.6,0.0,2.3,4.1,0.571,0.5,1.5,2.2,0.683,1.1,2.3,3.4,1.3,0.7,0.3,0.9,1.0,6.1
221,223,Aaron Holiday,PG,24,IND,66,8,17.8,2.6,6.6,0.39,1.0,2.8,0.368,1.6,3.8,0.406,0.467,1.0,1.3,0.819,0.2,1.1,1.3,1.9,0.7,0.2,1.0,1.4,7.2
222,224,Jrue Holiday,PG,30,MIL,59,56,32.3,7.0,13.9,0.503,1.9,4.8,0.392,5.1,9.2,0.561,0.57,1.8,2.3,0.787,1.2,3.3,4.5,6.1,1.6,0.6,2.2,1.7,17.7
223,225,Justin Holiday,SG,31,IND,72,52,30.3,3.6,8.7,0.413,2.4,6.3,0.382,1.2,2.4,0.494,0.551,0.9,1.2,0.788,0.4,3.1,3.6,1.7,1.0,0.6,0.8,1.9,10.5
224,226,Rondae Hollis-Jefferson,PF,26,POR,11,1,9.7,0.8,1.6,0.5,0.0,0.1,0.0,0.8,1.5,0.529,0.5,0.8,1.5,0.563,1.0,1.4,2.4,1.2,0.2,0.4,0.2,1.4,2.5
225,227,Richaun Holmes,C,27,SAC,61,61,29.2,6.0,9.4,0.637,0.0,0.2,0.182,6.0,9.2,0.645,0.638,2.2,2.8,0.794,2.4,5.9,8.3,1.7,0.6,1.6,1.2,3.5,14.2
226,228,Rodney Hood,SF,28,TOR,55,5,17.1,1.7,4.7,0.362,0.6,2.1,0.301,1.1,2.7,0.408,0.427,0.4,0.5,0.857,0.4,1.5,1.9,1.0,0.4,0.1,0.7,1.3,4.5
227,229,Al Horford,C,34,OKC,28,28,27.9,5.8,12.9,0.45,2.0,5.4,0.368,3.8,7.4,0.51,0.528,0.6,0.8,0.818,1.0,5.7,6.7,3.4,0.9,0.9,1.0,1.7,14.2
228,230,Talen Horton-Tucker,SG,20,LAL,65,4,20.1,3.4,7.5,0.458,0.6,2.0,0.282,2.9,5.5,0.522,0.496,1.5,2.0,0.775,0.4,2.2,2.6,2.8,1.0,0.3,1.6,2.0,9.0
229,231,Danuel House,SF,27,HOU,36,23,25.9,3.1,7.6,0.404,1.5,4.3,0.346,1.6,3.2,0.483,0.504,1.1,1.8,0.651,0.5,3.2,3.7,1.9,0.6,0.4,1.0,1.9,8.8
230,232,Dwight Howard,C,35,PHI,69,6,17.3,2.6,4.4,0.587,0.1,0.3,0.25,2.5,4.1,0.611,0.596,1.8,3.0,0.576,2.8,5.7,8.4,0.9,0.4,0.9,1.6,2.9,7.0
231,233,Markus Howard,SG,21,DEN,37,1,5.5,1.1,2.9,0.377,0.5,1.8,0.277,0.6,1.1,0.537,0.462,0.2,0.2,0.778,0.0,0.5,0.6,0.5,0.1,0.0,0.5,0.6,2.8
232,234,Kevin Huerter,SG,22,ATL,69,49,30.8,4.6,10.6,0.432,2.0,5.6,0.363,2.6,5.0,0.51,0.528,0.7,0.9,0.781,0.6,2.8,3.3,3.5,1.2,0.3,1.1,2.4,11.9
233,235,Elijah Hughes,SF,22,UTA,18,0,3.6,0.6,1.7,0.333,0.4,1.3,0.348,0.1,0.4,0.286,0.467,0.2,0.2,0.75,0.1,0.4,0.5,0.3,0.1,0.1,0.3,0.1,1.7
234,236,De'Andre Hunter,SF,23,ATL,23,19,29.5,5.2,10.8,0.484,1.3,4.1,0.326,3.9,6.7,0.582,0.546,3.2,3.7,0.859,0.7,4.0,4.8,1.9,0.8,0.5,1.3,2.6,15.0
235,237,Chandler Hutchison,SF,24,WAS,25,1,13.8,1.6,4.1,0.379,0.3,0.9,0.364,1.2,3.2,0.383,0.417,0.8,1.0,0.84,0.2,2.9,3.1,0.7,0.5,0.2,0.8,1.3,4.3
236,238,Serge Ibaka,C,31,LAC,41,39,23.3,4.5,8.9,0.51,1.0,2.8,0.339,3.6,6.1,0.588,0.563,1.0,1.3,0.811,1.8,4.9,6.7,1.8,0.2,1.1,1.1,1.9,11.1
237,239,Andre Iguodala,SF,37,MIA,63,5,21.3,1.5,3.9,0.383,1.0,2.9,0.33,0.6,1.0,0.53,0.504,0.4,0.6,0.658,0.6,2.9,3.5,2.3,0.9,0.6,1.1,1.4,4.4
238,240,Ersan İlyasova,PF,33,UTA,17,1,8.7,1.2,3.2,0.389,1.1,2.4,0.439,0.2,0.8,0.231,0.556,0.3,0.3,1.0,0.4,1.3,1.7,0.2,0.6,0.2,0.5,1.7,3.8
239,241,Joe Ingles,SF,33,UTA,67,30,27.9,4.1,8.4,0.489,2.7,6.1,0.451,1.4,2.3,0.59,0.652,1.1,1.3,0.844,0.4,3.2,3.6,4.7,0.7,0.2,1.7,1.8,12.1
240,242,Brandon Ingram,SF,23,NOP,61,61,34.3,8.4,18.0,0.466,2.3,6.1,0.381,6.1,11.9,0.51,0.531,4.6,5.2,0.878,0.6,4.3,4.9,4.9,0.7,0.6,2.5,2.0,23.8
241,243,Kyrie Irving,PG,28,BRK,54,54,34.9,10.2,20.1,0.506,2.8,7.0,0.402,7.4,13.1,0.561,0.576,3.7,4.0,0.922,1.0,3.8,4.8,6.0,1.4,0.7,2.4,2.6,26.9
242,244,Wesley Iwundu,SF,26,NOP,41,4,13.1,0.8,2.5,0.333,0.1,1.0,0.122,0.7,1.5,0.475,0.358,0.6,0.8,0.839,0.4,1.8,2.2,0.4,0.4,0.1,0.5,1.2,2.4
243,245,Frank Jackson,PG,22,DET,40,6,18.5,3.4,7.3,0.457,1.5,3.8,0.407,1.8,3.6,0.51,0.561,1.5,1.9,0.813,0.4,1.8,2.2,0.9,0.4,0.0,0.9,1.3,9.8
244,246,Jaren Jackson Jr.,C,21,MEM,11,4,23.5,4.8,11.4,0.424,1.5,5.5,0.283,3.3,5.9,0.554,0.492,3.2,3.8,0.833,1.5,4.1,5.6,1.1,1.1,1.6,1.4,3.8,14.4
245,247,Josh Jackson,SG,23,DET,62,25,25.2,4.8,11.4,0.419,1.2,4.1,0.3,3.5,7.3,0.487,0.473,2.6,3.5,0.729,0.9,3.2,4.1,2.3,0.9,0.8,2.3,2.9,13.4
246,248,Justin Jackson,SF,25,MIL,34,3,17.0,2.6,6.5,0.403,1.1,3.4,0.308,1.6,3.1,0.51,0.484,0.9,1.1,0.838,0.5,1.8,2.3,1.5,0.4,0.1,0.9,0.9,7.2
247,249,Reggie Jackson,SG,30,LAC,67,43,23.0,3.9,8.7,0.45,1.8,4.2,0.433,2.1,4.5,0.465,0.554,1.0,1.2,0.817,0.4,2.5,2.9,3.1,0.6,0.1,1.1,1.9,10.7
248,250,Justin James,SF,24,SAC,36,0,8.6,1.4,3.1,0.468,0.4,1.1,0.368,1.1,2.0,0.521,0.532,0.6,1.0,0.583,0.3,0.6,0.8,0.6,0.2,0.1,0.4,0.6,3.9
249,251,LeBron James,PG,36,LAL,45,45,33.4,9.4,18.3,0.513,2.3,6.3,0.365,7.1,12.0,0.591,0.576,4.0,5.7,0.698,0.6,7.0,7.7,7.8,1.1,0.6,3.7,1.6,25.0
250,252,Mike James,PG,30,BRK,13,1,18.2,2.6,7.1,0.37,0.8,2.4,0.355,1.8,4.7,0.377,0.429,1.6,2.1,0.778,0.2,2.2,2.5,4.2,0.5,0.1,1.5,0.8,7.7
251,253,DaQuan Jeffries,SG,23,HOU,31,5,15.9,1.6,3.9,0.417,0.6,2.2,0.299,1.0,1.7,0.566,0.5,0.2,0.3,0.875,0.6,1.7,2.3,0.7,0.5,0.3,0.5,1.5,4.1
252,254,Ty Jerome,SG,23,OKC,33,1,23.9,3.9,8.7,0.446,2.2,5.1,0.423,1.7,3.6,0.479,0.57,0.8,1.0,0.765,0.3,2.5,2.8,3.6,0.6,0.2,1.4,1.8,10.7
253,255,Isaiah Joe,SG,21,PHI,41,1,9.3,1.2,3.2,0.361,1.0,2.6,0.368,0.2,0.7,0.333,0.508,0.4,0.6,0.75,0.1,0.7,0.9,0.5,0.3,0.1,0.3,0.8,3.7
254,256,Alize Johnson,PF,24,BRK,18,0,10.5,2.2,3.8,0.588,0.1,0.3,0.167,2.2,3.4,0.629,0.596,0.7,0.7,1.0,1.5,3.5,5.0,0.8,0.3,0.3,0.5,0.9,5.2
255,257,Cameron Johnson,PF,24,PHO,60,11,24.0,3.4,8.1,0.42,2.0,5.6,0.349,1.4,2.5,0.581,0.541,0.8,1.0,0.847,0.6,2.8,3.3,1.4,0.6,0.3,0.7,1.4,9.6
256,258,James Johnson,PF,33,NOP,51,12,20.5,2.9,6.4,0.446,0.6,2.4,0.258,2.3,4.1,0.556,0.494,0.9,1.5,0.592,0.6,2.8,3.5,1.9,0.8,0.8,1.1,2.4,7.2
257,259,Keldon Johnson,SF,21,SAS,69,67,28.5,4.9,10.2,0.479,0.9,2.6,0.331,4.0,7.6,0.531,0.522,2.1,2.8,0.74,1.3,4.6,6.0,1.8,0.6,0.3,1.1,2.1,12.8
258,260,Stanley Johnson,PF,24,TOR,61,13,16.5,1.5,3.8,0.382,0.7,2.2,0.328,0.7,1.6,0.458,0.479,0.7,0.9,0.8,0.5,2.0,2.5,1.5,0.9,0.3,0.9,1.9,4.4
259,261,Tyler Johnson,SG,28,BRK,39,3,17.5,1.8,4.7,0.393,1.2,3.4,0.364,0.6,1.3,0.471,0.525,0.5,0.5,0.857,0.2,1.8,2.0,1.2,0.4,0.0,0.4,1.1,5.4
260,262,Nikola Jokić,C,25,DEN,72,72,34.6,10.2,18.0,0.566,1.3,3.3,0.388,8.9,14.7,0.606,0.602,4.8,5.5,0.868,2.8,8.0,10.8,8.3,1.3,0.7,3.1,2.7,26.4
261,263,Damian Jones,C,25,SAC,39,10,14.0,1.8,2.6,0.68,0.0,0.1,0.2,1.8,2.5,0.704,0.684,1.1,1.5,0.724,0.9,2.2,3.1,0.7,0.3,0.7,0.7,2.0,4.7
262,264,Derrick Jones Jr.,SF,23,POR,58,43,22.7,2.5,5.2,0.484,0.7,2.3,0.316,1.8,2.9,0.619,0.554,1.0,1.6,0.648,1.3,2.2,3.5,0.8,0.6,0.9,0.6,2.2,6.8
263,265,Mason Jones,SG,22,PHI,32,1,10.4,1.6,3.8,0.423,0.8,2.1,0.364,0.9,1.8,0.491,0.52,1.3,2.0,0.625,0.2,1.5,1.7,1.3,0.2,0.0,0.9,0.8,5.3
264,266,Tre Jones,PG,21,SAS,37,1,7.3,1.0,2.1,0.474,0.1,0.1,0.6,0.9,2.0,0.466,0.494,0.5,0.5,0.895,0.2,0.4,0.6,1.1,0.2,0.0,0.4,0.4,2.5
265,267,Tyus Jones,PG,24,MEM,70,9,17.5,2.5,5.9,0.431,0.6,2.0,0.321,1.9,3.9,0.487,0.485,0.6,0.6,0.911,0.3,1.7,2.0,3.7,0.9,0.1,0.7,0.4,6.3
266,268,DeAndre Jordan,C,32,BRK,57,43,21.9,3.3,4.4,0.763,0.0,0.0,0.0,3.3,4.4,0.766,0.763,0.8,1.6,0.5,2.1,5.4,7.5,1.6,0.3,1.1,1.5,2.0,7.5
267,269,Cory Joseph,PG,29,DET,63,13,23.0,3.2,6.8,0.469,0.7,2.1,0.341,2.5,4.7,0.527,0.522,1.1,1.4,0.818,0.6,2.0,2.5,3.4,1.0,0.3,1.3,2.2,8.2
268,270,Mfiondu Kabengele,PF,23,CLE,39,0,7.2,0.8,2.3,0.371,0.3,1.3,0.26,0.5,1.0,0.513,0.444,0.4,0.5,0.8,0.3,1.2,1.5,0.4,0.2,0.3,0.4,0.9,2.4
269,271,Frank Kaminsky,C,27,PHO,47,13,15.2,2.6,5.5,0.471,0.7,1.8,0.365,1.9,3.7,0.523,0.531,0.8,1.3,0.617,0.8,3.2,4.0,1.7,0.3,0.4,0.5,1.5,6.6
270,272,Enes Kanter,C,28,POR,72,35,24.4,4.7,7.8,0.604,0.0,0.1,0.25,4.7,7.7,0.607,0.605,1.8,2.3,0.774,3.9,7.1,11.0,1.2,0.5,0.7,1.1,2.3,11.2
271,273,Luke Kennard,SG,24,LAC,63,17,19.6,3.1,6.6,0.476,1.6,3.6,0.446,1.5,3.0,0.511,0.597,0.4,0.5,0.839,0.2,2.3,2.6,1.7,0.4,0.1,0.8,1.4,8.3
272,274,Louis King,SF,21,SAC,6,1,14.2,2.8,5.7,0.5,0.7,1.8,0.364,2.2,3.8,0.565,0.559,1.0,1.0,1.0,0.8,2.2,3.0,1.5,1.2,0.5,0.7,1.5,7.3
273,275,Maxi Kleber,PF,29,DAL,50,40,26.8,2.3,5.5,0.422,1.7,4.2,0.41,0.6,1.3,0.46,0.58,0.7,0.7,0.919,0.9,4.3,5.2,1.4,0.5,0.7,0.6,2.1,7.1
274,276,Nathan Knight,PF,23,ATL,33,0,8.5,1.1,3.0,0.37,0.2,1.0,0.182,0.9,2.0,0.463,0.4,1.3,1.7,0.8,0.8,1.4,2.2,0.2,0.3,0.3,0.5,0.7,3.8
275,277,Kevin Knox,SF,21,NYK,42,0,11.0,1.3,3.4,0.392,0.8,2.1,0.393,0.5,1.3,0.389,0.514,0.4,0.5,0.8,0.2,1.2,1.5,0.5,0.3,0.1,0.4,0.9,3.9
276,278,John Konchar,SG,24,MEM,43,0,13.4,1.6,3.2,0.5,0.5,1.3,0.375,1.1,1.9,0.585,0.576,0.6,0.7,0.833,0.8,2.2,3.0,1.1,0.7,0.2,0.4,0.9,4.3
277,279,Furkan Korkmaz,SG,23,PHI,55,11,19.3,3.1,7.7,0.401,1.8,4.9,0.375,1.3,2.8,0.445,0.52,1.1,1.5,0.732,0.3,1.7,2.1,1.5,0.9,0.2,0.8,1.2,9.1
278,280,Luke Kornet,PF,25,BOS,31,2,11.2,1.4,3.3,0.436,0.5,1.9,0.254,0.9,1.4,0.69,0.51,0.1,0.2,0.5,0.5,1.7,2.2,0.8,0.1,1.0,0.2,0.6,3.4
279,281,Rodions Kurucs,PF,22,MIL,21,0,6.0,0.5,1.5,0.344,0.3,1.0,0.286,0.2,0.5,0.455,0.438,0.1,0.2,0.75,0.2,0.9,1.1,0.5,0.4,0.2,0.6,0.8,1.5
280,282,Kyle Kuzma,SF,25,LAL,68,32,28.7,4.9,11.1,0.443,2.0,5.6,0.361,2.9,5.5,0.525,0.533,1.0,1.4,0.691,1.6,4.5,6.1,1.9,0.5,0.6,1.7,1.8,12.9
281,283,Anthony Lamb,SF,23,HOU,24,3,17.3,1.9,4.9,0.39,1.0,3.0,0.324,1.0,2.0,0.489,0.487,0.8,0.9,0.857,1.1,1.8,2.9,1.0,0.3,0.2,0.8,1.4,5.5
282,284,Jeremy Lamb,SG,28,IND,36,8,21.3,3.3,7.7,0.435,1.4,3.6,0.406,1.9,4.1,0.459,0.529,2.0,2.1,0.947,0.7,2.9,3.6,1.5,0.9,0.6,0.6,2.0,10.1
283,285,Romeo Langford,SG,21,BOS,18,4,15.7,1.2,3.3,0.356,0.3,1.0,0.278,0.9,2.3,0.39,0.398,0.5,0.7,0.75,0.7,1.3,1.9,0.7,0.3,0.3,0.6,1.3,3.1
284,286,Zach LaVine,SG,25,CHI,58,58,35.1,9.8,19.4,0.507,3.4,8.2,0.419,6.4,11.1,0.571,0.596,4.4,5.1,0.849,0.6,4.4,5.0,4.9,0.8,0.5,3.5,2.4,27.4
285,287,Jake Layman,SF,26,MIN,45,11,13.9,2.0,4.1,0.495,0.5,1.7,0.295,1.5,2.4,0.642,0.557,0.6,0.8,0.703,0.3,1.2,1.5,0.6,0.6,0.4,0.6,1.0,5.1
286,288,T.J. Leaf,PF,23,POR,7,0,5.0,0.7,1.4,0.5,0.0,0.0,,0.7,1.4,0.5,0.5,0.3,0.3,1.0,0.0,0.7,0.7,0.1,0.3,0.1,0.3,0.1,1.7
287,289,Jalen Lecque,PG,20,IND,4,0,3.0,0.3,2.3,0.111,0.0,0.3,0.0,0.3,2.0,0.125,0.111,0.8,0.8,1.0,0.5,0.8,1.3,0.5,0.0,0.0,0.0,0.0,1.3
288,290,Damion Lee,SG,28,GSW,57,1,18.9,2.2,4.8,0.467,1.4,3.4,0.397,0.9,1.4,0.638,0.608,0.7,0.8,0.909,0.4,2.8,3.2,1.3,0.7,0.1,0.5,1.6,6.5
289,291,Saben Lee,PG,21,DET,48,7,16.3,2.1,4.4,0.471,0.2,0.5,0.348,1.9,3.9,0.487,0.49,1.3,1.9,0.685,0.4,1.6,2.0,3.6,0.7,0.3,1.1,1.6,5.6
290,292,Alex Len,C,27,WAS,64,42,15.3,2.7,4.3,0.615,0.1,0.4,0.32,2.5,4.0,0.644,0.629,1.1,1.8,0.629,1.2,2.8,4.1,0.8,0.3,1.0,0.9,2.0,6.6
291,293,Kawhi Leonard,SF,29,LAC,52,52,34.1,8.9,17.5,0.512,1.9,4.9,0.398,7.0,12.6,0.557,0.568,5.0,5.7,0.885,1.1,5.4,6.5,5.2,1.6,0.4,2.0,1.6,24.8
292,294,Meyers Leonard,C,28,MIA,3,2,9.7,1.0,2.3,0.429,1.0,2.3,0.429,0.0,0.0,,0.643,0.3,0.7,0.5,0.0,2.3,2.3,0.7,0.0,0.0,0.7,1.7,3.3
293,295,Caris LeVert,SG,26,IND,47,39,31.6,7.6,17.3,0.441,1.8,5.5,0.326,5.9,11.8,0.495,0.493,3.1,3.8,0.811,0.7,3.9,4.6,5.2,1.4,0.6,2.2,2.2,20.2
294,296,Kira Lewis Jr.,PG,19,NOP,54,0,16.7,2.4,6.2,0.386,0.7,2.2,0.333,1.7,4.0,0.415,0.445,0.8,0.9,0.843,0.2,1.1,1.3,2.3,0.7,0.2,0.6,1.6,6.4
295,297,Damian Lillard,PG,30,POR,67,67,35.8,9.0,19.9,0.451,4.1,10.5,0.391,4.9,9.4,0.519,0.554,6.7,7.2,0.928,0.5,3.7,4.2,7.5,0.9,0.3,3.0,1.5,28.8
296,298,Nassir Little,PF,20,POR,48,2,13.3,1.6,3.5,0.467,0.6,1.7,0.35,1.0,1.8,0.575,0.551,0.8,0.9,0.8,0.7,2.0,2.7,0.5,0.1,0.3,0.4,1.1,4.6
297,299,Kevon Looney,C,24,GSW,61,34,19.0,1.8,3.2,0.548,0.1,0.3,0.235,1.7,3.0,0.578,0.558,0.5,0.8,0.646,1.9,3.4,5.3,2.0,0.3,0.4,0.6,2.2,4.1
298,300,Brook Lopez,C,32,MIL,70,70,27.2,4.6,9.1,0.503,1.4,4.0,0.338,3.2,5.1,0.632,0.577,1.7,2.0,0.845,1.5,3.5,5.0,0.7,0.6,1.5,0.9,2.1,12.3
299,301,Robin Lopez,C,32,WAS,71,9,19.1,3.8,6.0,0.633,0.1,0.3,0.278,3.7,5.7,0.649,0.639,1.4,1.9,0.723,2.0,1.8,3.8,0.8,0.2,0.6,1.1,1.5,9.0
300,302,Didi Louzada,SF,21,NOP,3,0,18.7,1.0,4.3,0.231,0.7,2.7,0.25,0.3,1.7,0.2,0.308,0.0,0.0,,0.3,0.7,1.0,1.0,0.7,0.0,1.0,1.7,2.7
301,303,Kevin Love,PF,32,CLE,25,25,24.9,4.1,10.1,0.409,2.3,6.2,0.365,1.8,3.8,0.479,0.522,1.7,2.0,0.824,0.7,6.8,7.4,2.5,0.6,0.1,1.5,1.0,12.2
302,304,Kyle Lowry,PG,34,TOR,46,46,34.8,5.7,13.0,0.436,2.8,7.2,0.396,2.8,5.8,0.487,0.546,3.0,3.5,0.875,0.8,4.6,5.4,7.3,1.0,0.3,2.7,3.1,17.2
303,305,Timothé Luwawu-Cabarrot,SF,25,BRK,58,7,18.1,2.2,6.1,0.365,1.3,4.1,0.314,0.9,2.0,0.47,0.471,0.6,0.7,0.814,0.5,1.7,2.2,1.2,0.6,0.1,0.7,1.7,6.4
304,306,Trey Lyles,PF,25,SAS,23,9,15.6,1.9,3.9,0.478,0.6,1.7,0.35,1.3,2.2,0.58,0.556,0.7,1.0,0.652,0.4,3.3,3.7,0.6,0.3,0.0,0.3,0.6,5.0
305,307,Will Magnay,C,22,NOP,1,0,3.0,0.0,1.0,0.0,0.0,1.0,0.0,0.0,0.0,,0.0,0.0,0.0,,0.0,0.0,0.0,0.0,0.0,0.0,1.0,1.0,0.0
306,308,Thon Maker,C,23,CLE,8,0,9.5,1.3,2.3,0.556,0.0,0.3,0.0,1.3,2.0,0.625,0.556,1.3,1.4,0.909,1.0,1.3,2.3,0.5,0.3,0.5,0.4,0.9,3.8
307,309,Théo Maledon,PG,19,OKC,65,49,27.4,3.5,9.4,0.368,1.6,4.8,0.335,1.9,4.6,0.402,0.454,1.6,2.1,0.748,0.4,2.9,3.2,3.5,0.9,0.2,2.2,1.9,10.1
308,310,Karim Mané,PG,20,ORL,10,0,8.8,0.3,1.3,0.231,0.1,0.2,0.5,0.2,1.1,0.182,0.269,0.4,0.5,0.8,0.1,1.3,1.4,0.4,0.0,0.2,0.3,1.0,1.1
309,311,Terance Mann,SG,24,LAC,67,10,18.9,2.7,5.2,0.509,0.6,1.4,0.418,2.1,3.9,0.541,0.563,1.2,1.4,0.83,0.8,2.8,3.6,1.6,0.4,0.2,0.6,1.9,7.0
310,312,Nico Mannion,PG,19,GSW,30,1,12.1,1.3,3.8,0.342,0.7,2.0,0.367,0.6,1.8,0.315,0.439,0.8,0.9,0.821,0.2,1.3,1.5,2.3,0.5,0.0,1.0,1.0,4.1
311,313,Boban Marjanović,C,32,DAL,33,3,8.2,1.9,3.7,0.508,0.0,0.2,0.125,1.8,3.5,0.535,0.512,0.9,1.2,0.816,1.4,2.5,3.9,0.3,0.1,0.2,0.4,0.9,4.7
312,314,Lauri Markkanen,PF,23,CHI,51,26,25.8,4.9,10.2,0.48,2.3,5.8,0.402,2.6,4.4,0.582,0.594,1.5,1.8,0.826,0.7,4.6,5.3,0.9,0.5,0.3,1.0,1.5,13.6
313,315,Naji Marshall,SF,23,NOP,32,10,21.9,2.6,6.5,0.392,0.9,2.6,0.349,1.7,3.9,0.421,0.462,1.7,2.3,0.707,0.5,4.2,4.6,2.8,0.8,0.3,1.2,1.8,7.7
314,316,Caleb Martin,SF,25,CHO,53,3,15.4,1.8,4.8,0.375,0.6,2.4,0.248,1.2,2.5,0.496,0.436,0.8,1.2,0.641,0.6,2.1,2.7,1.3,0.7,0.2,0.6,1.2,5.0
315,317,Cody Martin,SF,25,CHO,52,10,16.3,1.6,3.6,0.441,0.3,1.1,0.276,1.3,2.5,0.515,0.484,0.5,0.8,0.581,1.0,2.1,3.1,1.7,0.7,0.2,0.8,1.0,4.0
316,318,Jeremiah Martin,PG,24,CLE,9,0,8.3,1.0,3.7,0.273,0.3,1.3,0.25,0.7,2.3,0.286,0.318,0.1,0.6,0.2,0.2,0.6,0.8,0.4,0.6,0.2,0.7,0.1,2.4
317,319,Kelan Martin,SF,25,IND,35,0,9.2,1.8,3.9,0.449,0.7,1.7,0.4,1.1,2.2,0.487,0.536,0.3,0.3,0.9,0.5,1.7,2.2,0.5,0.3,0.3,0.5,1.0,4.5
318,320,Kenyon Martin Jr.,SF,20,HOU,45,8,23.7,3.6,7.1,0.509,0.8,2.1,0.365,2.8,4.9,0.572,0.564,1.3,1.9,0.714,1.6,3.8,5.4,1.1,0.7,0.9,0.8,2.0,9.3
319,321,Frank Mason III,PG,26,ORL,4,1,19.8,2.3,6.0,0.375,0.5,1.3,0.4,1.8,4.8,0.368,0.417,1.3,1.8,0.714,0.8,2.3,3.0,3.0,0.0,0.0,1.3,1.8,6.3
320,322,Garrison Mathews,SG,24,WAS,64,24,16.2,1.5,3.7,0.409,1.2,3.1,0.384,0.3,0.6,0.538,0.57,1.3,1.5,0.884,0.3,1.1,1.4,0.4,0.5,0.1,0.2,1.7,5.5
321,323,Dakota Mathias,SG,25,PHI,8,2,15.4,2.4,6.0,0.396,1.0,3.3,0.308,1.4,2.8,0.5,0.479,0.3,0.8,0.333,0.1,0.8,0.9,1.6,0.1,0.4,0.1,0.9,6.0
322,324,Wesley Matthews,SG,34,LAL,58,10,19.5,1.5,4.3,0.353,1.1,3.4,0.335,0.4,0.9,0.418,0.484,0.6,0.7,0.854,0.3,1.3,1.6,0.9,0.7,0.3,0.4,1.4,4.8
323,325,Tyrese Maxey,SG,20,PHI,61,8,15.3,3.2,7.0,0.462,0.5,1.7,0.301,2.7,5.3,0.512,0.498,1.0,1.1,0.871,0.2,1.5,1.7,2.0,0.4,0.2,0.7,1.3,8.0
324,326,Skylar Mays,SG,23,ATL,33,0,8.2,1.3,3.0,0.449,0.4,1.2,0.35,0.9,1.8,0.517,0.52,0.7,0.8,0.88,0.3,0.8,1.1,0.9,0.4,0.1,0.3,0.5,3.8
325,327,Patrick McCaw,SF,25,TOR,5,0,6.6,0.2,0.2,1.0,0.0,0.0,,0.2,0.2,1.0,1.0,0.6,0.6,1.0,0.2,0.4,0.6,0.8,0.4,0.0,0.0,1.2,1.0
326,328,CJ McCollum,SG,29,POR,47,47,34.0,8.6,18.8,0.458,3.6,8.9,0.402,5.0,9.9,0.509,0.554,2.3,2.8,0.812,0.6,3.3,3.9,4.7,0.9,0.4,1.4,1.9,23.1
327,329,T.J. McConnell,PG,28,IND,69,3,26.0,4.0,7.1,0.559,0.2,0.7,0.313,3.8,6.4,0.586,0.574,0.5,0.7,0.688,0.8,2.9,3.7,6.6,1.9,0.3,2.0,1.6,8.6
328,330,Jaden McDaniels,PF,20,MIN,63,27,24.0,2.6,5.8,0.447,1.1,3.1,0.364,1.5,2.7,0.544,0.545,0.4,0.7,0.6,0.8,2.9,3.7,1.1,0.6,1.0,0.7,2.7,6.8
329,331,Jalen McDaniels,SF,23,CHO,47,18,19.2,2.8,6.0,0.468,0.7,2.2,0.333,2.1,3.8,0.547,0.53,1.0,1.4,0.703,1.0,2.6,3.6,1.1,0.6,0.4,1.0,2.0,7.4
330,332,Doug McDermott,PF,29,IND,66,29,24.5,5.4,10.1,0.532,1.7,4.3,0.388,3.7,5.7,0.641,0.616,1.2,1.5,0.816,0.9,2.4,3.3,1.3,0.3,0.1,0.8,1.8,13.6
331,333,Sean McDermott,SF,24,MEM,18,0,8.8,0.7,1.8,0.394,0.3,1.2,0.227,0.4,0.6,0.727,0.47,0.4,0.4,1.0,0.3,0.7,1.1,0.2,0.1,0.2,0.2,0.4,2.2
332,334,JaVale McGee,C,33,DEN,46,2,14.7,3.1,6.1,0.511,0.1,0.5,0.208,3.0,5.6,0.539,0.52,1.0,1.5,0.657,1.7,3.5,5.2,0.8,0.4,1.2,1.3,2.6,7.3
333,335,Rodney McGruder,SG,29,DET,16,2,12.1,2.3,4.4,0.529,0.7,1.5,0.458,1.6,2.9,0.565,0.607,0.4,0.5,0.75,0.5,0.9,1.4,1.0,0.5,0.1,0.4,0.8,5.7
334,336,Alfonzo McKinnie,SF,28,LAL,39,0,6.6,1.2,2.4,0.516,0.4,1.0,0.41,0.8,1.4,0.593,0.602,0.3,0.5,0.556,0.6,0.8,1.4,0.2,0.2,0.0,0.1,0.7,3.1
335,337,Jordan McLaughlin,PG,24,MIN,51,2,18.4,2.0,4.7,0.413,0.6,1.8,0.359,1.3,2.9,0.447,0.481,0.5,0.6,0.767,0.4,1.7,2.1,3.8,1.0,0.1,1.0,0.9,5.0
336,338,Ben McLemore,SG,27,LAL,53,5,17.1,2.5,6.9,0.37,1.8,5.3,0.346,0.7,1.6,0.447,0.503,0.7,1.0,0.736,0.3,1.6,1.9,0.7,0.4,0.2,0.8,1.7,7.7
337,339,Nicolò Melli,PF,30,DAL,45,4,12.6,1.0,3.1,0.326,0.5,1.9,0.271,0.5,1.2,0.411,0.408,0.4,0.6,0.76,0.6,2.1,2.7,1.0,0.3,0.1,0.3,1.3,3.0
338,340,De'Anthony Melton,PG,22,MEM,52,1,20.1,3.3,7.6,0.438,1.7,4.1,0.412,1.6,3.5,0.467,0.548,0.8,1.0,0.804,0.6,2.5,3.1,2.5,1.2,0.6,1.3,1.6,9.1
339,341,Sam Merrill,SG,24,MIL,30,2,7.8,1.1,2.4,0.444,0.7,1.6,0.447,0.4,0.8,0.44,0.59,0.1,0.1,1.0,0.2,0.8,1.0,0.7,0.3,0.0,0.3,0.6,3.0
340,342,Chimezie Metu,C,23,SAC,36,6,13.6,2.5,5.0,0.508,0.4,1.0,0.351,2.2,3.9,0.549,0.545,0.9,1.2,0.721,0.9,2.3,3.1,0.8,0.4,0.5,0.8,1.6,6.3
341,343,Khris Middleton,SF,29,MIL,68,68,33.4,7.5,15.8,0.476,2.2,5.4,0.414,5.3,10.4,0.508,0.546,3.1,3.5,0.898,0.8,5.2,6.0,5.4,1.1,0.1,2.6,2.4,20.4
342,344,Darius Miller,SF,30,OKC,18,0,10.9,1.2,2.7,0.458,0.9,2.3,0.405,0.3,0.3,0.833,0.635,0.7,0.7,1.0,0.1,1.2,1.3,1.2,0.7,0.3,0.4,0.7,4.1
343,345,Patty Mills,PG,32,SAS,68,1,24.8,3.7,9.0,0.412,2.4,6.3,0.375,1.3,2.7,0.5,0.544,1.0,1.1,0.91,0.3,1.4,1.7,2.4,0.6,0.0,1.0,1.2,10.8
344,346,Paul Millsap,PF,35,DEN,56,36,20.8,3.4,7.2,0.476,0.9,2.6,0.343,2.5,4.6,0.55,0.537,1.3,1.8,0.724,1.4,3.3,4.7,1.8,0.9,0.6,0.9,2.0,9.0
345,347,Shake Milton,SG,24,PHI,63,4,23.2,4.8,10.6,0.45,1.1,3.2,0.35,3.6,7.4,0.494,0.503,2.3,2.8,0.83,0.5,1.8,2.3,3.1,0.6,0.3,1.6,2.1,13.0
346,348,Donovan Mitchell,PG,24,UTA,53,53,33.4,9.0,20.6,0.438,3.4,8.7,0.386,5.7,11.9,0.476,0.52,5.0,6.0,0.845,0.9,3.5,4.4,5.2,1.0,0.3,2.8,2.2,26.4
347,349,Adam Mokoka,SG,22,CHI,14,0,4.0,0.5,1.4,0.368,0.1,0.7,0.1,0.4,0.6,0.667,0.395,0.0,0.1,0.0,0.1,0.3,0.4,0.4,0.1,0.1,0.4,0.4,1.1
348,350,Malik Monk,SG,22,CHO,42,0,20.9,4.1,9.5,0.434,2.0,5.0,0.401,2.1,4.5,0.471,0.54,1.4,1.7,0.819,0.3,2.1,2.4,2.1,0.5,0.1,1.3,1.1,11.7
349,351,E'Twaun Moore,SG,31,PHO,27,1,14.4,2.0,4.5,0.455,0.4,1.3,0.314,1.6,3.2,0.512,0.5,0.4,0.5,0.857,0.5,1.1,1.7,1.5,0.6,0.2,0.9,1.2,4.9
350,352,Ja Morant,PG,21,MEM,63,63,32.6,6.8,15.2,0.449,1.2,3.8,0.303,5.7,11.4,0.499,0.487,4.3,5.9,0.728,0.9,3.1,4.0,7.4,0.9,0.2,3.2,1.4,19.1
351,353,Juwan Morgan,PF,23,UTA,29,0,5.1,0.5,1.0,0.467,0.1,0.4,0.308,0.3,0.6,0.588,0.533,0.1,0.2,0.429,0.3,0.7,1.0,0.3,0.1,0.0,0.1,0.7,1.2
352,354,Marcus Morris,PF,31,LAC,57,29,26.4,4.8,10.2,0.473,2.5,5.2,0.473,2.4,5.1,0.472,0.592,1.3,1.6,0.82,0.6,3.5,4.1,1.0,0.6,0.3,1.0,2.1,13.4
353,355,Markieff Morris,PF,31,LAL,61,27,19.7,2.5,6.2,0.405,1.1,3.4,0.311,1.4,2.8,0.521,0.491,0.6,0.8,0.72,0.8,3.6,4.4,1.2,0.4,0.3,0.9,1.7,6.7
354,356,Monte Morris,PG,25,DEN,47,13,25.4,4.0,8.2,0.481,1.1,2.9,0.381,2.9,5.4,0.534,0.547,1.2,1.6,0.795,0.2,1.8,2.0,3.2,0.7,0.3,0.7,1.0,10.2
355,357,Mychal Mulder,PG,26,GSW,60,6,12.8,2.0,4.4,0.449,1.4,3.6,0.397,0.6,0.9,0.667,0.609,0.2,0.4,0.636,0.1,0.9,1.0,0.4,0.2,0.2,0.3,0.9,5.6
356,358,Dejounte Murray,PG,24,SAS,67,67,31.9,6.6,14.5,0.453,0.9,3.0,0.317,5.6,11.6,0.488,0.485,1.6,2.0,0.791,0.9,6.2,7.1,5.4,1.5,0.1,1.7,2.0,15.7
357,359,Jamal Murray,PG,23,DEN,48,48,35.5,7.9,16.5,0.477,2.7,6.6,0.408,5.2,9.9,0.523,0.559,2.8,3.2,0.869,0.8,3.3,4.0,4.8,1.3,0.3,2.3,2.0,21.2
358,360,Mike Muscala,C,29,OKC,35,0,18.4,3.4,7.6,0.446,1.9,5.3,0.37,1.5,2.4,0.614,0.573,0.9,1.0,0.917,0.5,3.2,3.8,0.8,0.2,0.3,0.6,1.5,9.7
359,361,Svi Mykhailiuk,SG,23,OKC,66,14,20.1,3.2,7.7,0.411,1.6,4.8,0.334,1.6,2.9,0.536,0.515,0.6,0.8,0.76,0.4,2.1,2.5,1.7,0.8,0.2,1.3,1.0,8.5
360,362,Abdel Nader,SF,27,PHO,24,0,14.8,2.4,4.8,0.491,0.8,1.8,0.419,1.6,3.0,0.534,0.569,1.2,1.5,0.757,0.3,2.3,2.6,0.8,0.4,0.4,0.8,1.4,6.7
361,363,Larry Nance Jr.,PF,28,CLE,35,27,31.2,3.7,7.8,0.471,1.2,3.3,0.36,2.5,4.5,0.551,0.546,0.9,1.4,0.612,1.5,5.2,6.7,3.1,1.7,0.5,1.6,2.1,9.3
362,364,Aaron Nesmith,SF,21,BOS,46,1,14.5,1.7,3.9,0.438,0.9,2.3,0.37,0.8,1.5,0.543,0.551,0.5,0.6,0.786,0.6,2.2,2.8,0.5,0.3,0.2,0.5,1.9,4.7
363,365,Raul Neto,PG,28,WAS,64,22,21.9,3.3,7.0,0.468,1.0,2.6,0.39,2.3,4.4,0.512,0.539,1.2,1.3,0.882,0.4,2.0,2.4,2.3,1.1,0.1,0.8,1.7,8.7
364,366,Georges Niang,PF,27,UTA,72,10,16.0,2.5,5.6,0.437,1.7,4.1,0.425,0.7,1.6,0.469,0.59,0.3,0.3,0.957,0.4,2.1,2.4,0.8,0.3,0.1,0.7,1.6,6.9
365,367,Zeke Nnaji,PF,20,DEN,42,1,9.5,1.2,2.5,0.481,0.6,1.4,0.407,0.6,1.1,0.578,0.596,0.3,0.4,0.8,0.3,1.2,1.5,0.2,0.2,0.1,0.2,0.7,3.2
366,368,Nerlens Noel,C,26,NYK,64,41,24.2,2.1,3.5,0.614,0.0,0.0,0.0,2.1,3.4,0.623,0.614,0.8,1.1,0.714,2.2,4.2,6.4,0.7,1.1,2.2,1.0,2.8,5.1
367,369,Jaylen Nowell,SG,21,MIN,42,0,18.1,3.4,8.0,0.424,1.2,3.6,0.333,2.2,4.4,0.497,0.499,1.1,1.3,0.818,0.5,1.8,2.3,1.5,0.5,0.3,0.7,1.7,9.0
368,370,Frank Ntilikina,PG,22,NYK,33,4,9.8,0.9,2.4,0.367,0.7,1.5,0.479,0.2,0.9,0.194,0.513,0.2,0.5,0.444,0.2,0.8,0.9,0.6,0.5,0.1,0.3,1.4,2.7
369,371,Kendrick Nunn,PG,25,MIA,56,44,29.5,5.7,11.8,0.485,2.2,5.7,0.381,3.5,6.0,0.583,0.578,1.0,1.1,0.933,0.4,2.8,3.2,2.6,0.9,0.3,1.4,1.9,14.6
370,372,James Nunnally,SF,30,NOP,9,0,5.3,0.6,1.4,0.385,0.4,1.3,0.333,0.1,0.1,1.0,0.538,0.1,0.2,0.5,0.2,0.8,1.0,0.3,0.0,0.0,0.2,0.1,1.7
371,373,Jusuf Nurkić,C,26,POR,37,37,23.8,4.6,9.0,0.514,0.3,0.8,0.4,4.3,8.2,0.525,0.532,1.9,3.1,0.619,2.3,6.6,9.0,3.4,1.0,1.1,2.0,2.8,11.5
372,374,David Nwaba,SF,28,HOU,30,9,22.6,3.5,7.3,0.486,0.6,2.1,0.27,3.0,5.2,0.574,0.525,1.6,2.3,0.691,1.3,2.6,3.9,1.0,1.0,0.7,0.6,2.0,9.2
373,375,Jordan Nwora,SF,22,MIL,30,2,9.1,2.1,4.5,0.459,0.9,2.1,0.452,1.1,2.4,0.466,0.563,0.6,0.8,0.76,0.3,1.7,2.0,0.2,0.5,0.2,0.8,0.7,5.7
374,376,Royce O'Neale,SF,27,UTA,71,71,31.6,2.5,5.5,0.444,1.5,3.9,0.385,1.0,1.6,0.586,0.58,0.5,0.6,0.848,1.2,5.6,6.8,2.5,0.8,0.5,1.2,2.6,7.0
375,377,Semi Ojeleye,PF,26,BOS,56,15,17.0,1.6,3.9,0.403,1.0,2.8,0.367,0.6,1.1,0.492,0.534,0.4,0.6,0.75,0.6,2.1,2.6,0.7,0.3,0.0,0.4,1.0,4.6
376,378,Jahlil Okafor,C,25,DET,27,2,12.9,2.3,3.8,0.618,0.1,0.3,0.222,2.3,3.4,0.656,0.627,0.6,0.9,0.708,0.9,1.6,2.4,0.5,0.2,0.2,0.8,1.4,5.4
377,379,Chuma Okeke,PF,22,ORL,45,19,25.2,3.0,7.2,0.417,1.1,3.1,0.348,1.9,4.1,0.47,0.492,0.7,0.9,0.75,0.9,3.1,4.0,2.2,1.1,0.5,0.8,1.1,7.8
378,380,Josh Okogie,SG,22,MIN,59,37,20.3,1.7,4.3,0.402,0.5,1.8,0.269,1.2,2.5,0.5,0.459,1.4,1.8,0.769,1.1,1.6,2.6,1.1,0.9,0.5,0.7,2.1,5.4
379,381,Onyeka Okongwu,C,20,ATL,50,4,12.0,1.9,3.0,0.644,0.0,0.1,0.0,1.9,2.9,0.658,0.644,0.7,1.1,0.632,1.2,2.0,3.3,0.4,0.5,0.7,0.6,2.0,4.6
380,382,Isaac Okoro,SG,20,CLE,67,67,32.4,3.5,8.3,0.42,0.9,3.2,0.29,2.6,5.1,0.501,0.476,1.7,2.3,0.726,1.0,2.1,3.1,1.9,0.9,0.4,1.3,2.8,9.6
381,383,KZ Okpala,PF,21,MIA,37,9,12.1,1.0,2.6,0.375,0.3,1.4,0.24,0.6,1.2,0.522,0.438,0.2,0.4,0.533,0.6,1.3,1.8,0.5,0.3,0.3,0.4,1.6,2.5
382,384,Victor Oladipo,SG,28,MIA,33,33,32.7,7.1,17.5,0.408,2.4,7.2,0.326,4.8,10.2,0.466,0.476,3.2,4.2,0.754,0.4,4.5,4.8,4.6,1.4,0.4,2.5,2.5,19.8
383,385,Cameron Oliver,SF,24,HOU,4,0,21.8,4.8,8.3,0.576,1.0,3.3,0.308,3.8,5.0,0.75,0.636,0.3,1.0,0.25,1.3,4.0,5.3,1.3,0.5,1.0,0.8,2.8,10.8
384,386,Kelly Olynyk,PF,29,HOU,70,62,28.5,4.8,10.0,0.484,1.8,5.3,0.342,3.0,4.7,0.641,0.574,2.1,2.5,0.829,1.2,5.7,7.0,2.9,1.1,0.6,1.8,3.0,13.5
385,387,Miye Oni,SG,23,UTA,54,0,9.6,0.6,1.8,0.354,0.6,1.6,0.341,0.1,0.2,0.455,0.505,0.1,0.1,0.833,0.4,1.1,1.6,0.5,0.2,0.1,0.3,1.1,1.9
